Geschwindigkeit (km/h);Physikalisches Maximum (Leer, unlimitiert) (m/s²);Physikalisches Maximum (Voll, unlimitiert) (m/s²);Durchschnittliche Auslastung (37%) (m/s²);Nachtverkehr (10%) (m/s²);Nebenverkehr (50%) (m/s²);Hauptverkehrszeit (100%) (m/s²)
0,0;2,990835943415023;2,071162303247659;1,2;1,2;1,2;1,2
0,1;2,9908357993821015;2,0711622024246137;1,2;1,2;1,2;1,2
0,2;2,9908353672833363;2,0711618999554777;1,2;1,2;1,2;1,2
0,30000000000000004;2,990834647118727;2,0711613958402517;1,2;1,2;1,2;1,2
0,4;2,990833638888274;2,0711606900789348;1,2;1,2;1,2;1,2
0,5;2,990832342591978;2,0711597826715273;1,2;1,2;1,2;1,2
0,6000000000000001;2,9908307582298383;2,0711586736180294;1,2;1,2;1,2;1,2
0,7000000000000001;2,9908288858018546;2,071157362918441;1,2;1,2;1,2;1,2
0,8;2,990826725308027;2,071155850572762;1,2;1,2;1,2;1,2
0,9;2,9908242767483566;2,0711541365809922;1,2;1,2;1,2;1,2
1,0;2,9908215401228424;2,0711522209431323;1,2;1,2;1,2;1,2
1,1;2,990818515431484;2,0711501036591815;1,2;1,2;1,2;1,2
1,2000000000000002;2,9908152026742822;2,0711477847291406;1,2;1,2;1,2;1,2
1,3;2,990811601851237;2,071145264153009;1,2;1,2;1,2;1,2
1,4000000000000001;2,990807712962348;2,0711425419307865;1,2;1,2;1,2;1,2
1,5;2,990803536007616;2,0711396180624737;1,2;1,2;1,2;1,2
1,6;2,99079907098704;2,071136492548071;1,2;1,2;1,2;1,2
1,7000000000000002;2,9907943179006202;2,0711331653875766;1,2;1,2;1,2;1,2
1,8;2,990789276748356;2,0711296365809924;1,2;1,2;1,2;1,2
1,9000000000000001;2,9907839475302493;2,0711259061283176;1,2;1,2;1,2;1,2
2,0;2,990778330246299;2,071121974029552;1,2;1,2;1,2;1,2
2,1;2,9907724248965044;2,071117840284696;1,2;1,2;1,2;1,2
2,2;2,9907662314808667;2,0711135048937495;1,2;1,2;1,2;1,2
2,3000000000000003;2,990759749999385;2,0711089678567127;1,2;1,2;1,2;1,2
2,4000000000000004;2,9907529804520605;2,071104229173585;1,2;1,2;1,2;1,2
2,5;2,9907459228388915;2,071099288844367;1,2;1,2;1,2;1,2
2,6;2,9907385771598793;2,0710941468690582;1,2;1,2;1,2;1,2
2,7;2,990730943415023;2,071088803247659;1,2;1,2;1,2;1,2
2,8000000000000003;2,9907230216043232;2,0710832579801695;1,2;1,2;1,2;1,2
2,9000000000000004;2,99071481172778;2,0710775110665893;1,2;1,2;1,2;1,2
3,0;2,9907063137853935;2,0710715625069183;1,2;1,2;1,2;1,2
3,1;2,9906975277771632;2,071065412301157;1,2;1,2;1,2;1,2
3,2;2,990688453703089;2,071059060449305;1,2;1,2;1,2;1,2
3,3000000000000003;2,9906790915631714;2,0710525069513626;1,2;1,2;1,2;1,2
3,4000000000000004;2,99066944135741;2,07104575180733;1,2;1,2;1,2;1,2
3,5;2,9906595030858054;2,0710387950172064;1,2;1,2;1,2;1,2
3,6;2,9906492767483566;2,0710316365809924;1,2;1,2;1,2;1,2
3,7;2,9906387623450645;2,071024276498688;1,2;1,2;1,2;1,2
3,8000000000000003;2,9906279598759284;2,071016714770293;1,2;1,2;1,2;1,2
3,9000000000000004;2,9906168693409487;2,0710089513958074;1,2;1,2;1,2;1,2
4,0;2,9906054907401263;2,071000986375231;1,2;1,2;1,2;1,2
4,1000000000000005;2,9905938240734593;2,0709928197085645;1,2;1,2;1,2;1,2
4,2;2,990581869340949;2,070984451395807;1,2;1,2;1,2;1,2
4,3;2,990569626542595;2,0709758814369597;1,2;1,2;1,2;1,2
4,4;2,9905570956783976;2,0709671098320213;1,2;1,2;1,2;1,2
4,5;2,9905442767483565;2,0709581365809924;1,2;1,2;1,2;1,2
4,6000000000000005;2,990531169752472;2,070948961683873;1,2;1,2;1,2;1,2
4,7;2,9905177746907436;2,070939585140663;1,2;1,2;1,2;1,2
4,800000000000001;2,9905040915631713;2,0709300069513628;1,2;1,2;1,2;1,2
4,9;2,990490120369756;2,070920227115972;1,2;1,2;1,2;1,2
5,0;2,9904758611104962;2,0709102456344906;1,2;1,2;1,2;1,2
5,1000000000000005;2,9904613137853935;2,0709000625069183;1,2;1,2;1,2;1,2
5,2;2,990446478394447;2,0708896777332555;1,2;1,2;1,2;1,2
5,300000000000001;2,9904313549376567;2,0708790913135027;1,2;1,2;1,2;1,2
5,4;2,990415943415023;2,0708683032476594;1,2;1,2;1,2;1,2
5,5;2,990400243826546;2,070857313535725;1,2;1,2;1,2;1,2
5,6000000000000005;2,9903842561722245;2,0708461221777004;1,2;1,2;1,2;1,2
5,7;2,9903679804520604;2,0708347291735847;1,2;1,2;1,2;1,2
5,800000000000001;2,9903514166660523;2,070823134523379;1,2;1,2;1,2;1,2
5,9;2,9903345648142;2,0708113382270827;1,2;1,2;1,2;1,2
6,0;2,9903174248965048;2,0707993402846965;1,2;1,2;1,2;1,2
6,1000000000000005;2,9902999969129653;2,070787140696219;1,2;1,2;1,2;1,2
6,2;2,9902822808635827;2,0707747394616507;1,2;1,2;1,2;1,2
6,300000000000001;2,9902642767483565;2,0707621365809925;1,2;1,2;1,2;1,2
6,4;2,990245984567286;2,0707493320542434;1,2;1,2;1,2;1,2
6,5;2,990227404320373;2,070736325881404;1,2;1,2;1,2;1,2
6,6000000000000005;2,990208536007616;2,0707231180624737;1,2;1,2;1,2;1,2
6,7;2,990189379629015;2,070709708597453;1,2;1,2;1,2;1,2
6,800000000000001;2,9901699351845705;2,0706960974863424;1,2;1,2;1,2;1,2
6,9;2,990150202674282;2,0706822847291404;1,2;1,2;1,2;1,2
7,0;2,9901301820981505;2,0706682703258483;1,2;1,2;1,2;1,2
7,1000000000000005;2,9901098734561753;2,0706540542764658;1,2;1,2;1,2;1,2
7,2;2,9900892767483565;2,0706396365809923;1,2;1,2;1,2;1,2
7,300000000000001;2,990068391974694;2,0706250172394287;1,2;1,2;1,2;1,2
7,4;2,990047219135188;2,0706101962517742;1,2;1,2;1,2;1,2
7,5;2,990025758229838;2,0705951736180292;1,2;1,2;1,2;1,2
7,6000000000000005;2,9900040092586444;2,0705799493381942;1,2;1,2;1,2;1,2
7,7;2,9899819722216074;2,0705645234122683;1,2;1,2;1,2;1,2
7,800000000000001;2,989959647118727;2,070548895840252;1,2;1,2;1,2;1,2
7,9;2,9899370339500027;2,070533066622145;1,2;1,2;1,2;1,2
8,0;2,9899141327154344;2,070517035757947;1,2;1,2;1,2;1,2
8,1;2,9898909434150234;2,070500803247659;1,2;1,2;1,2;1,2
8,200000000000001;2,9898674660487683;2,07048436909128;1,2;1,2;1,2;1,2
8,3;2,9898437006166696;2,0704677332888113;1,2;1,2;1,2;1,2
8,4;2,989819647118727;2,0704508958402514;1,2;1,2;1,2;1,2
8,5;2,989795305554941;2,0704338567456015;1,2;1,2;1,2;1,2
8,6;2,9897706759253113;2,0704166160048607;1,2;1,2;1,2;1,2
8,700000000000001;2,989745758229838;2,0703991736180294;1,2;1,2;1,2;1,2
8,8;2,989720552468521;2,0703815295851076;1,2;1,2;1,2;1,2
8,9;2,989695058641361;2,0703636839060953;1,2;1,2;1,2;1,2
9,0;2,9896692767483564;2,0703456365809925;1,2;1,2;1,2;1,2
9,1;2,9896432067895087;2,070327387609799;1,2;1,2;1,2;1,2
9,200000000000001;2,989616848764818;2,070308936992515;1,2;1,2;1,2;1,2
9,3;2,9895902026742824;2,0702902847291407;1,2;1,2;1,2;1,2
9,4;2,989563268517904;2,0702714308196755;1,2;1,2;1,2;1,2
9,5;2,9895360462956817;2,0702523752641198;1,2;1,2;1,2;1,2
9,600000000000001;2,989508536007616;2,0702331180624736;1,2;1,2;1,2;1,2
9,700000000000001;2,989480737653706;2,0702136592147373;1,2;1,2;1,2;1,2
9,8;2,9894526512339534;2,07019399872091;1,2;1,2;1,2;1,2
9,9;2,9894242767483568;2,0701741365809925;1,2;1,2;1,2;1,2
10,0;2,989395614196916;2,0701540727949843;1,2;1,2;1,2;1,2
10,100000000000001;2,9893666635796325;2,070133807362885;1,2;1,2;1,2;1,2
10,200000000000001;2,9893374248965046;2,070113340284696;1,2;1,2;1,2;1,2
10,3;2,9893078981475334;2,0700926715604164;1,2;1,2;1,2;1,2
10,4;2,9892780833327186;2,070071801190046;1,2;1,2;1,2;1,2
10,5;2,98924798045206;2,070050729173585;1,2;1,2;1,2;1,2
10,600000000000001;2,9892175895055586;2,0700294555110337;1,2;1,2;1,2;1,2
10,700000000000001;2,989186910493212;2,0700079802023916;1,2;1,2;1,2;1,2
10,8;2,989155943415023;2,069986303247659;1,2;1,2;1,2;1,2
10,9;2,9891246882709903;2,069964424646836;1,2;1,2;1,2;1,2
11,0;2,989093145061114;2,0699423443999225;1,2;1,2;1,2;1,2
11,100000000000001;2,9890613137853936;2,069920062506918;1,2;1,2;1,2;1,2
11,200000000000001;2,98902919444383;2,0698975789678236;1,2;1,2;1,2;1,2
11,3;2,988996787036422;2,0698748937826386;1,2;1,2;1,2;1,2
11,4;2,9889640915631714;2,069852006951363;1,2;1,2;1,2;1,2
11,5;2,988931108024077;2,0698289184739966;1,2;1,2;1,2;1,2
11,600000000000001;2,9888978364191385;2,0698056283505397;1,2;1,2;1,2;1,2
11,700000000000001;2,988864276748356;2,0697821365809923;1,2;1,2;1,2;1,2
11,8;2,988830429011731;2,069758443165355;1,2;1,2;1,2;1,2
11,9;2,988796293209262;2,0697345481036264;1,2;1,2;1,2;1,2
12,0;2,9887618693409492;2,069710451395807;1,2;1,2;1,2;1,2
12,100000000000001;2,988727157406793;2,0696861530418977;1,2;1,2;1,2;1,2
12,200000000000001;2,9886921574067924;2,069661653041898;1,2;1,2;1,2;1,2
12,3;2,988656869340949;2,0696369513958075;1,2;1,2;1,2;1,2
12,4;2,9886212932092615;2,069612048103626;1,2;1,2;1,2;1,2
12,5;2,988585429011731;2,0695869431653544;1,2;1,2;1,2;1,2
12,600000000000001;2,988549276748356;2,0695616365809926;1,2;1,2;1,2;1,2
12,700000000000001;2,9885128364191385;2,06953612835054;1,2;1,2;1,2;1,2
12,8;2,9884761080240767;2,0695104184739965;1,2;1,2;1,2;1,2
12,9;2,9884390915631713;2,0694845069513628;1,2;1,2;1,2;1,2
13,0;2,9884017870364223;2,0694583937826385;1,2;1,2;1,2;1,2
13,100000000000001;2,9883641944438297;2,0694320789678238;1,2;1,2;1,2;1,2
13,200000000000001;2,9883263137853935;2,069405562506918;1,2;1,2;1,2;1,2
13,3;2,9882881450611136;2,0693788443999224;1,2;1,2;1,2;1,2
13,4;2,98824968827099;2,069351924646836;1,2;1,2;1,2;1,2
13,5;2,988210943415023;2,069324803247659;1,2;1,2;1,2;1,2
13,600000000000001;2,9881719104932127;2,0692974802023913;1,2;1,2;1,2;1,2
13,700000000000001;2,9881325895055584;2,0692699555110337;1,2;1,2;1,2;1,2
13,8;2,9880929804520604;2,069242229173585;1,2;1,2;1,2;1,2
13,9;2,9880530833327184;2,069214301190046;1,2;1,2;1,2;1,2
14,0;2,988012898147533;2,0691861715604163;1,2;1,2;1,2;1,2
14,100000000000001;2,9879724248965047;2,069157840284696;1,2;1,2;1,2;1,2
14,200000000000001;2,987931663579632;2,0691293073628856;1,2;1,2;1,2;1,2
14,3;2,987890614196916;2,069100572794984;1,2;1,2;1,2;1,2
14,4;2,9878492767483564;2,0690716365809925;1,2;1,2;1,2;1,2
14,5;2,987807651233953;2,06904249872091;1,2;1,2;1,2;1,2
14,600000000000001;2,987765737653706;2,0690131592147374;1,2;1,2;1,2;1,2
14,700000000000001;2,9877235360076155;2,068983618062474;1,2;1,2;1,2;1,2
14,8;2,9876810462956813;2,06895387526412;1,2;1,2;1,2;1,2
14,9;2,987638268517904;2,0689239308196754;1,2;1,2;1,2;1,2
15,0;2,9875952026742825;2,0688937847291404;1,2;1,2;1,2;1,2
15,100000000000001;2,9875518487648174;2,068863436992515;1,2;1,2;1,2;1,2
15,200000000000001;2,9875082067895087;2,068832887609799;1,2;1,2;1,2;1,2
15,3;2,987464276748357;2,068802136580992;1,2;1,2;1,2;1,2
15,4;2,9874200586413604;2,068771183906095;1,2;1,2;1,2;1,2
15,5;2,9873755524685213;2,0687400295851077;1,2;1,2;1,2;1,2
15,600000000000001;2,987330758229838;2,0687086736180293;1,2;1,2;1,2;1,2
15,700000000000001;2,9872856759253112;2,0686771160048605;1,2;1,2;1,2;1,2
15,8;2,987240305554941;2,0686453567456016;1,2;1,2;1,2;1,2
15,9;2,9871946471187267;2,0686133958402517;1,2;1,2;1,2;1,2
16,0;2,987148700616669;2,0685812332888114;1,2;1,2;1,2;1,2
16,1;2,9871024660487677;2,0685488690912806;1,2;1,2;1,2;1,2
16,2;2,9870559434150232;2,0685163032476592;1,2;1,2;1,2;1,2
16,3;2,9870091327154347;2,068483535757947;1,2;1,2;1,2;1,2
16,400000000000002;2,9869620339500025;2,0684505666221447;1,2;1,2;1,2;1,2
16,5;2,9869146471187267;2,068417395840252;1,2;1,2;1,2;1,2
16,6;2,9868669722216077;2,068384023412268;1,2;1,2;1,2;1,2
16,7;2,9868190092586446;2,068350449338194;1,2;1,2;1,2;1,2
16,8;2,986770758229838;2,068316673618029;1,2;1,2;1,2;1,2
16,900000000000002;2,9851749876552702;2,0671996342158323;1,2;1,2;1,2;1,2
17,0;2,9833218242333888;2,0659024198205147;1,2;1,2;1,2;1,2
17,1;2,9814683727456632;2,064605003779107;1,2;1,2;1,2;1,2
17,2;2,9796146331920936;2,0633073860916085;1,2;1,2;1,2;1,2
17,3;2,9777606055726813;2,0620095667580194;1,2;1,2;1,2;1,2
17,400000000000002;2,9759062898874244;2,0607115457783403;1,2;1,2;1,2;1,2
17,5;2,972860617474195;2,0585795750890794;1,2;1,2;1,2;1,2
17,6;2,9572629397480843;2,047661200680802;1,2;1,2;1,2;1,2
17,7;2,9416649739561325;2,0367426246264353;1,2;1,2;1,2;1,2
17,8;2,9260667200983352;2,0258238469259777;1,2;1,2;1,2;1,2
17,900000000000002;2,9104681781746944;2,014904867579429;1,2;1,2;1,2;1,2
18,0;2,8948693481852117;2,003985686586791;1,2;1,2;1,2;1,2
18,1;2,8792702301298836;1,9930663039480614;1,2;1,2;1,2;1,2
18,2;2,8637088218355515;1,9821733181420287;1,2;1,2;1,2;1,2
18,3;2,8482294386549136;1,971337749915582;1,2;1,2;1,2;1,2
18,400000000000002;2,832749767408431;1,9605019800430445;1,2;1,2;1,2;1,2
18,5;2,8172698080961065;1,9496660085244175;1,2;1,2;1,2;1,2
18,6;2,8017895607179377;1,9388298353596993;1,2;1,2;1,2;1,2
18,7;2,7863090252739244;1,9279934605488902;1,2;1,2;1,2;1,2
18,8;2,7708282017640684;1,9171568840919908;1,2;1,2;1,2;1,2
18,900000000000002;2,7556857579778162;1,906557173441614;1,2;1,2;1,2;1,2
19,0;2,740825776951708;1,8961551867233384;1,2;1,2;1,2;1,2
19,1;2,725965507859756;1,8857529983589723;1,2;1,2;1,2;1,2
19,200000000000003;2,7111049507019604;1,8753506083485152;1,2;1,2;1,2;1,2
19,3;2,696244105478321;1,8649480166919674;1,2;1,2;1,2;1,2
19,400000000000002;2,681382972188839;1,8545452233893298;1,2;1,2;1,2;1,2
19,5;2,6665215508335125;1,8441422284406013;1,2;1,2;1,2;1,2
19,6;2,652841986486756;1,8345665333978718;1,2;1,2;1,2;1,2
19,700000000000003;2,6395070068620243;1,8252320476605597;1,2;1,2;1,2;1,2
19,8;2,62617173917145;1,8158973602771582;1,2;1,2;1,2;1,2
19,900000000000002;2,612836183415031;1,8065624712476644;1,2;1,2;1,2;1,2
20,0;2,5995003395927703;1,7972273805720822;1,2;1,2;1,2;1,2
20,1;2,586164207704664;1,7878920882504077;1,2;1,2;1,2;1,2
20,200000000000003;2,5728284262900676;1,77855704126019;1,2;1,2;1,2;1,2
20,3;2,559684390927869;1,769356216506651;1,2;1,2;1,2;1,2
20,400000000000002;2,546540067499828;1,7601551901070225;1,2;1,2;1,2;1,2
20,5;2,5333954560059424;1,7509539620613026;1,2;1,2;1,2;1,2
20,6;2,5202505564462143;1,741752532369493;1,2;1,2;1,2;1,2
20,700000000000003;2,5071053688206413;1,7325509010315918;1,2;1,2;1,2;1,2
20,8;2,4939598931292255;1,7233490680476007;1,2;1,2;1,2;1,2
20,900000000000002;2,481197381761747;1,7144153100903659;1,2;1,2;1,2;1,2
21,0;2,4696999011619303;1,7063670736704943;1,2;1,2;1,2;1,2
21,1;2,458202132496269;1,698318635604531;1,2;1,2;1,2;1,2
21,200000000000003;2,4467040757647647;1,6902699958924778;1,2;1,2;1,2;1,2
21,3;2,4352057309674158;1,6822211545343342;1,2;1,2;1,2;1,2
21,400000000000002;2,4237070981042246;1,6741721115301;1,2;1,2;1,2;1,2
21,5;2,4122081771751898;1,6661228668797758;1,2;1,2;1,2;1,2
21,6;2,4009747867888542;1,6582594936093409;1,2;1,2;1,2;1,2
21,700000000000003;2,390051107297971;1,650612917965723;1,2;1,2;1,2;1,2
21,8;2,379127139741246;1,642966140676015;1,2;1,2;1,2;1,2
21,900000000000002;2,368202884118677;1,6353191617402165;1,2;1,2;1,2;1,2
22,0;2,3572783404302635;1,6276719811583271;1,2;1,2;1,2;1,2
22,1;2,346353508676007;1,6200245989303474;1,2;1,2;1,2;1,2
22,200000000000003;2,335428388855906;1,612377015056277;1,2;1,2;1,2;1,2
22,3;2,324533430317334;1,6047505440792766;1,2;1,2;1,2;1,2
22,400000000000002;2,3136518128629535;1,5971334118612106;1,2;1,2;1,2;1,2
22,5;2,3027699073427295;1,5895160779970534;1,2;1,2;1,2;1,2
22,6;2,2918877137566613;1,5818985424868055;1,2;1,2;1,2;1,2
22,700000000000003;2,281005232104748;1,5742808053304664;1,2;1,2;1,2;1,2
22,8;2,2701224623869933;1,5666628665280382;1,2;1,2;1,2;1,2
22,900000000000002;2,259239404603394;1,5590447260795186;1,2;1,2;1,2;1,2
23,0;2,2489768802961447;1,5518609590644443;1,2;1,2;1,2;1,2
23,1;2,238768082051556;1,5447148002932323;1,2;1,2;1,2;1,2
23,200000000000003;2,2285589957411234;1,5375684398759295;1,2;1,2;1,2;1,2
23,3;2,218349621364849;1,530421877812537;1,2;1,2;1,2;1,2
23,400000000000002;2,2081399589227297;1,5232751141030538;1,2;1,2;1,2;1,2
23,5;2,1979300084147666;1,5161281487474794;1,2;1,2;1,2;1,2
23,6;2,1877661545339717;1,509013451030923;1,2;1,2;1,2;1,2
23,700000000000003;2,177866682062253;1,5020838203007203;1,2;1,2;1,2;1,2
23,8;2,1679669215246924;1,4951539879244273;1,2;1,2;1,2;1,196123190339542
23,900000000000002;2,158066872921287;1,4882239539020437;1,2;1,2;1,2;1,190579163121635
24,0;2,148166536252038;1,4812937182335697;1,2;1,2;1,2;1,1850349745868558
24,1;2,138265911516946;1,4743632809190048;1,2;1,2;1,2;1,179490624735204
24,200000000000003;2,12836499871601;1,4674326419583497;1,2;1,2;1,2;1,1739461135666798
24,3;2,118846602949614;1,4607697649218725;1,2;1,2;1,2;1,168615811937498
24,400000000000002;2,1099570701228814;1,4545470919431598;1,2;1,2;1,2;1,163637673554528
24,5;2,1010672492303057;1,448324217318357;1,2;1,2;1,2;1,1586593738546858
24,6;2,0921771402718865;1,4421011410474633;1,2;1,2;1,2;1,1536809128379708
24,700000000000003;2,0832867432476223;1,4358778631304785;1,2;1,2;1,2;1,1487022905043829
24,8;2,074396058157516;1,429654383567404;1,2;1,2;1,2;1,1437235068539233
24,900000000000002;2,0655050850015653;1,4234307023582387;1,2;1,2;1,2;1,138744561886591
25,0;2,0571218198169086;1,4175624167289789;1,2;1,2;1,2;1,134049933383183
25,1;2,0490665555225567;1,4119237317229325;1,2;1,2;1,2;1,129538985378346
25,200000000000003;2,0410110031623607;1,4062848450707952;1,2;1,2;1,2;1,1250278760566361
25,3;2,0329551627363225;1,4006457567725685;1,2;1,2;1,2;1,1205166054180549
25,400000000000002;2,0248990342444393;1,3950064668282505;1,2;1,2;1,2;1,1160051734626004
25,5;2,016842617686714;1,3893669752378426;1,2;1,2;1,2;1,111493580190274
25,6;2,0087859130631434;1,3837272820013433;1,2;1,2;1,2;1,1069818256010746
25,700000000000003;2,00025650098596;1,3777566935473151;1,2;1,2;1,2;1,102205354837852
25,8;1,991634533958186;1,3717213166278732;1,2;1,2;1,2;1,0973770533022986
25,900000000000002;1,983012278864568;1,3656857380623406;1,2;1,2;1,2;1,0925485904498726
26,0;1,9743897357051061;1,3596499578507173;1,2;1,2;1,2;1,0877199662805739
26,1;1,9657669044798014;1,353613975993004;1,2;1,2;1,2;1,0828911807944033
26,200000000000003;1,9571437851886528;1,3475777924891998;1,2;1,2;1,2;1,07806223399136
26,3;1,9486289439164846;1,3416174035986819;1,2;1,2;1,2;1,0732939228789455
26,400000000000002;1,941656031496473;1,336736364904674;1,2;1,2;1,2;1,0693890919237392
26,5;1,9346828310106188;1,331855124564576;1,2;1,2;1,2;1,0654840996516608
26,6;1,9277093424589202;1,326973682578387;1,2;1,2;1,2;1,0615789460627096
26,700000000000003;1,9207355658413787;1,322092038946108;1,2;1,2;1,2;1,0576736311568864
26,8;1,9137615011579932;1,317210193667738;1,2;1,2;1,2;1,0537681549341904
26,900000000000002;1,9067871484087644;1,312328146743278;1,2;1,2;1,2;1,0498625173946223
27,0;1,8996607627697573;1,3073396767959728;1,2;1,2;1,2;1,0458717414367784
27,1;1,8921713187033875;1,3020970659495141;1,2;1,2;1,2;1,0416776527596114
27,200000000000003;1,8846815865711746;1,2968542534569651;1,2;1,2;1,2;1,0374834027655722
27,3;1,8771915663731182;1,2916112393183257;1,2;1,2;1,2;1,0332889914546606
27,400000000000002;1,8697012581092174;1,286368023533595;1,2;1,2;1,2;1,029094418826876
27,5;1,8622106617794738;1,2811246061027746;1,2;1,2;1,2;1,0248996848822196
27,6;1,8547197773838857;1,275880987025863;1,2;1,2;1,2;1,0207047896206904
27,700000000000003;1,84749559624842;1,270824060231037;1,2;1,2;1,2;1,0166592481848296
27,8;1,8405135744779177;1,2659366449916851;1,2;1,2;1,2;1,012749315993348
27,900000000000002;1,8335312646415702;1,261049028106242;1,2;1,2;1,1974216062848666;1,0088392224849938
28,0;1,8265486667393807;1,2561612095747092;1,2;1,2;1,192821306490483;1,0049289676597675
28,1;1,8195657807713463;1,2512731893970852;1,2;1,2;1,1882208169115427;1,0010185515176682
28,200000000000003;1,812582606737469;1,2463849675733711;1,2;1,2;1,1836201375480468;0,997107974058697
28,3;1,8055991446377482;1,2414965441035666;1,2;1,2;1,1790192683999956;0,9931972352828533
28,400000000000002;1,799268573530577;1,2370651443285468;1,2;1,2;1,1748485391999768;0,9896521154628375
28,5;1,7931516824727127;1,2327833205880416;1,2;1,2;1,1708185874442074;0,9862266564704334
28,6;1,7870345033490047;1,228501295201446;1,2;1,2;1,1667884459038822;0,9828010361611569
28,700000000000003;1,7809170361594535;1,2242190681687601;1,2;1,2;1,1627581145790014;0,9793752545350082
28,8;1,774799280904058;1,2199366394899835;1,2;1,2;1,1587275934695642;0,9759493115919868
28,900000000000002;1,7686812375828191;1,2156540091651162;1,2;1,2;1,1546968825755717;0,9725232073320931
29,0;1,762562906195737;1,2113711771941589;1,2;1,2;1,1506659818970233;0,9690969417553271
29,1;1,7556897193096774;1,206559946373917;1,2;1,2;1,146137764654443;0,9652479570991336
29,200000000000003;1,748802735341496;1,2017390575961902;1,199374064213258;1,2;1,1416004575695236;0,9613912460769521
29,3;1,7419154633074714;1,1969179671723729;1,194618364658321;1,2;1,1370629607000484;0,9575343737378983
29,400000000000002;1,7350279032076028;1,1920966751024649;1,1898624661923205;1,2;1,1325252740460174;0,9536773400819719
29,5;1,7281400550418915;1,1872751813864668;1,185106368815257;1,2;1,127987397607431;0,9498201451091735
29,6;1,7212519188103352;1,1824534860243776;1,1803500725271296;1,2;1,1234493313842882;0,9459627888195021
29,700000000000003;1,7146124086942294;1,1778058289431033;1,1757654539512734;1,2;1,11907506589603;0,9422446631544826
29,8;1,7089001880565389;1,1738072744967203;1,1718211339055193;1,2;1,1153117205347283;0,9390458195973763
29,900000000000002;1,7031876793530054;1,1698085184042468;1,167876614948702;1,2;1,111548185388871;0,9358468147233975
30,0;1,6974748825836279;1,1658095606656824;1,163931897080821;1,2;1,1077844604584575;0,932647648532546
30,1;1,6917617977484072;1,161810401281028;1,1599869803018772;1,2;1,1040205457434886;0,9294483210248224
30,200000000000003;1,6860484248473424;1,1578110402502826;1,1560418646118693;1,2;1,1002564412439635;0,9262488322002261
30,3;1,6803347638804347;1,1538114775734472;1,1520965500107987;1,2;1,0964921469598832;0,9230491820587577
30,400000000000002;1,6749479133544658;1,150040682205269;1,1483768998325712;1,2;1,0929431630839506;0,9200325457642151
30,5;1,6699758428388543;1,1465602328443407;1,1449436575529872;1,2;1,089667446038371;0,9172481862754727
30,6;1,665003484257397;1,143079581837321;1,1415102163623387;1,2;1,0863915392082348;0,9144636654698568
30,700000000000003;1,660030837610098;1,1395987291842113;1,138076576260628;1,2;1,0831154425935434;0,9116789833473691
30,8;1,655057902896955;1,1361176748850115;1,1346427372478534;1,2;1,0798391561942964;0,9088941399080093
30,900000000000002;1,6500846801179676;1,1326364189397204;1,1312086993240154;1,2;1,076562680010493;0,9061091351517764
31,0;1,6451111692731373;1,129154961348339;1,127774462489114;1,2;1,0732860140421343;0,9033239690786712
31,1;1,6400259606221552;1,1255953152926514;1,1242630976992867;1,2;1,069935758930899;0,9004762522341212
31,200000000000003;1,634885564632739;1,1219970381000601;1,120713625746052;1,2;1,0665491451025777;0,8975976304800481
31,3;1,6297448805774795;1,1183985592613785;1,1171639548817545;1,2;1,063162341489701;0,8947188474091029
31,400000000000002;1,6246039084563753;1,1147998787766054;1,1136140851063927;1,2;1,0597753480922674;0,8918399030212844
31,5;1,6194626482694288;1,1112009966457428;1,1100640164199684;1,2;1,056388164910279;0,8889607973165943
31,6;1,6143211000166375;1,1076019128687893;1,10651374882248;1,2;1,0530007919437343;0,8860815302950314
31,700000000000003;1,6091792636980033;1,1040026274457453;1,1029632823139288;1,2;1,0496132291926343;0,8832021019565963
31,8;1,6032726779986635;1,0998680174562072;1,098884752114631;1,2;1,045721831555422;0,8798944139649658
31,900000000000002;1,5972799735045118;1,095673124310301;1,0947467564096682;1,2;1,0417736968298632;0,8765384994482409
32,0;1,5912869809445158;1,0914780295183037;1,0906085617936412;1,2;1,0378253723197481;0,873182423614643
32,1;1,5852937003186773;1,0872827330802168;1,0864701682665519;1,2;1,0338768580250781;0,8698261864641735
32,2;1,5793001316269935;1,0830872349960383;1,082331575828398;1,2;1,0299281539458514;0,8664697879968307
32,300000000000004;1,573306274869467;1,0788915352657698;1,0781927844791812;1,2;1,025979260082069;0,8631132282126158
32,4;1,5673745559738685;1,0747393320388507;1,0740968996684104;1,199912222977997;1,0220713041037925;0,8597914656310807
32,5;1,5618669937023126;1,0708840384487617;1,070293897360061;1,195687243701187;1,018442792489591;0,8567072307590093
32,6;1,5563591433649129;1,067028543212582;1,066490696140648;1,19146204344236;1,0148140910908334;0,8536228345700656
32,7;1,5508510049616693;1,0631728463303112;1,0626872960101714;1,1872366222015154;1,0111851999075199;0,850538277064249
32,800000000000004;1,545342578492582;1,0593169478019504;1,0588836969686317;1,183010979978654;1,007556118939651;0,8474535582415603
32,9;1,5398338639576519;1,0554608476274991;1,0550798990160288;1,178785116773776;1,003926848187226;0,8443686781019993
33,0;1,5343248613568774;1,051604545806957;1,0512759021523619;1,1745590325868804;1,0002973876502455;0,8412836366455656
33,1;1,528972585580325;1,0478579527633702;1,0475801260304518;1,1704531771966484;0,996771182432752;0,8382863622106962
33,2;1,5239023567038021;1,0443087925498042;1,0440791048580067;1,1665636865516447;0,9934307963493956;0,8354470340398434
33,300000000000004;1,518831839761435;1,0407594306901475;1,040577884774498;1,1626739749246235;0,9900902204814832;0,832607544552118
33,4;1,5137610347532255;1,0372098671844006;1,037076465779927;1,158784042315586;0,9867494548290159;0,8297678937475205
33,5;1,5086899416791721;1,0336601020325633;1,033574847874292;1,1548938887245315;0,9834084993919925;0,8269280816260507
33,6;1,5036185605392747;1,0301101352346351;1,0300730310575932;1,1510035141514592;0,9800673541704129;0,8240881081877082
33,7;1,4985468913335334;1,0265599667906162;1,026571015329831;1,1471129185963702;0,9767260191642774;0,821247973432493
33,800000000000004;1,4938820850595398;1,023294602398821;1,0233499407140034;1,143534437071115;0,973652735030823;0,8186356819190568
33,9;1,4895039952575972;1,020229939537461;1,0203268454130319;1,1401759024285285;0,9707683464554254;0,8161839516299688
34,0;1,4851256173898106;1,0171650750300103;1,0173035512009967;1,1368171468039252;0,967883768095472;0,8137320600240083
34,1;1,4807469514561808;1,0141000088764693;1,0142800580778981;1,133458170197305;0,9649989999509629;0,8112800071011755
34,2;1,476367997456707;1,0110347410768377;1,0112563660437364;1,1300989726086674;0,9621140420218977;0,8088277928614702
34,300000000000004;1,4719887553913893;1,0079692716311155;1,008232475098511;1,1267395540380132;0,9592288943082767;0,8063754173048925
34,4;1,4676092252602289;1,004903600539303;1,0052083852422224;1,123379914485342;0,9563435568101005;0,8039228804314424
34,5;1,4637339799917688;1,0021909288513808;1,0025325068817568;1,1204071235944684;0,9537904540449973;0,8017527430811047
34,6;1,4599724481841194;0,9995578565860264;0,9999351482969434;1,1175215649475045;0,9513122683834869;0,7996462852688211
34,7;1,4562106283106253;0,9969245826745807;0,997337590801066;1,1146357853185227;0,9488338929374205;0,7975396661396646
34,800000000000004;1,4524485203712887;0,9942911071170449;0,9947398343941258;1,1117497847075248;0,9463553277067988;0,795432885693636
34,9;1,4486861243661076;0,9916574299134182;0,9921418790761214;1,1088635631145092;0,9438765726916206;0,7933259439307346
35,0;1,4449234402950837;0,9890235510637015;0,9895437248470546;1,105977120539477;0,9413976278918871;0,7912188408509613
35,1;1,4411571889027022;0,9863871750890344;0,986943107362796;1,103087941389157;0,9389163328569062;0,7891097400712276
35,2;1,4373208357586398;0,9837017278881907;0,9842940842300278;1,1001449855526162;0,9363888531384653;0,7869613823105526
35,300000000000004;1,4334841945487333;0,9810160790412561;0,981644862186196;1,0972018087340576;0,933861183635468;0,7848128632330049
35,4;1,4296472652729837;0,9783302285482316;0,9789954412313012;1,0942584109334825;0,9313333243479154;0,7826641828385853
35,5;1,4258100479313898;0,9756441764091159;0,9763458213653424;1,0913147921508901;0,9288052752758065;0,7805153411272928
35,6;1,4219725425239529;0,9729579226239098;0,9736960025883203;1,088370952386281;0,926277036419142;0,7783663380991279
35,7;1,418134749050672;0,9702714671926131;0,971045984900235;1,0854268916396543;0,9237486077779217;0,7762171737540906
35,800000000000004;1,4140874945964965;0,9674383890746904;0,9682513332426046;1,0823221484967254;0,9210821813139944;0,7739507112597523
35,9;1,4094857913873684;0,9642171968283008;0,9650738316432069;1,0787920748020519;0,9180504709644514;0,7713737574626407
36,0;1,4048838001123958;0,9609958029358199;0,9618961311327446;1,0752617801253606;0,9150185708303514;0,768796642348656
36,1;1,4002815207715797;0,9577742073972487;0,9587182317112195;1,0717312644666523;0,9119864809116962;0,766219365917799
36,2;1,3956789533649205;0,9545524102125873;0,9555401333786311;1,0682005278259274;0,9089542012084856;0,7636419281700699
36,300000000000004;1,3910760978924173;0,9513304113818348;0,9523618361349788;1,0646695702031852;0,9059217317207188;0,761064329105468
36,4;1,3864729543540708;0,9481082109049925;0,9491833399802639;1,061138391598426;0,9028890724483963;0,7584865687239941
36,5;1,3815827618866414;0,9446850761777921;0,945806634947267;1,0573870110754668;0,8996672985875018;0,7557480609422337
36,6;1,3764091528766402;0,9410635498707909;0,9422342292190292;1,053418215122589;0,8962588032397361;0,7528508398966327
36,7;1,3712352558007943;0,9374418219176989;0,9386616245797277;1,0494491981876937;0,892850118107414;0,7499534575341591
36,800000000000004;1,3660610706591052;0,9338198923185165;0,935088821029363;1,0454799602707814;0,8894412431905367;0,7470559138548132
36,9;1,3608865974515725;0,9301977610732436;0,9315158185679346;1,0415105013718522;0,8860321784891033;0,744158208858595
37,0;1,355711836178197;0,9265754281818807;0,9279426171954435;1,0375408214909063;0,8826229240031145;0,7412603425455045
37,1;1,3505367868389766;0,9229528936444267;0,9243692169118882;1,033570920627943;0,8792134797325697;0,7383623149155414
37,2;1,3465897842803694;0,9201899918534013;0,9216437897444157;1,0305430830487374;0,8766131015763104;0,7361519934827211
37,300000000000004;1,3430914138311687;0,917741132538961;0,919228145537816;1,0278594016082547;0,8743082928097783;0,7341929060311688
37,4;1,339592755316125;0,9152920715784303;0,9168123024201535;1,0251754991857556;0,8720032942586908;0,7322336572627443
37,5;1,3360938087352374;0,912842808971809;0,9143962603914269;1,0224913757812388;0,8696981059230473;0,7302742471774473
37,6;1,3325945740885061;0,9103933447190972;0,9119800194516371;1,0198070313947052;0,8673927278028478;0,7283146757752778
37,7;1,329095051375931;0,9079436788202947;0,9095635796007839;1,0171224660261546;0,8650871598980925;0,7263549430562358
37,800000000000004;1,3255952405975129;0,9054938112754018;0,9071469408388675;1,0144376796755874;0,8627814022087815;0,7243950490203215
37,9;1,3215895938722422;0,9026898585677123;0,9043810195489148;1,0113648547904481;0,860142387895662;0,7221518868541699
38,0;1,3175634214148775;0,899871537847557;0,90160092512706;1,0082762841382231;0,8574898507472807;0,7198972302780456
38,1;1,313536960891669;0,8970530154813111;0,8988206317941417;1,005187492503981;0,8548371238143432;0,7176424123850489
38,2;1,3095102123026168;0,8942342914689746;0,89604013955016;1,0020984798877217;0,8521842070968502;0,7153874331751797
38,300000000000004;1,3054831756477214;0,8914153658105478;0,8932594483951152;0,9990092462894458;0,8495311005948015;0,7131322926484382
38,400000000000006;1,3014558509269825;0,8885962385060305;0,8904785583290068;0,9959197917091528;0,8468778043081967;0,7108769908048245
38,5;1,297418844773744;0,8857703341987638;0,8876909831800384;0,9928229102765317;0,8442181296660634;0,7086162673590111
38,6;1,2933416791380428;0,8829163182537727;0,8848756776855957;0,9896952215696923;0,8415319970119541;0,7063330546030182
38,7;1,2892642254364977;0,8800621006626912;0,8820601732800899;0,9865673118808358;0,8388456745732891;0,704049680530153
38,800000000000004;1,2851864836691087;0,8772076814255189;0,8792444699635205;0,983439181209962;0,8361591623500684;0,7017661451404151
38,900000000000006;1,2811084538358763;0,8743530605422563;0,8764285677358878;0,9803108295570715;0,8334724603422915;0,699482448433805
39,0;1,2770301359368;0,8714982380129028;0,8736124665971916;0,9771822569221638;0,8307855685499592;0,6971985904103223
39,1;1,2729515299718805;0,8686432138374591;0,8707961665474321;0,9740534633052391;0,828098486973071;0,6949145710699673
39,2;1,2690359314458108;0,8659022948692106;0,8680924240386787;0,9710497164907199;0,8255187985323662;0,6927218358953685
39,300000000000004;1,2653457033897881;0,8633191352299946;0,8655443010900072;0,9682188566121273;0,8230875894601631;0,6906553081839957
39,400000000000006;1,261655187267922;0,8607357739446884;0,8629959792302722;0,9653877757515175;0,8206561906034042;0,6885886191557508
39,5;1,2579643830802125;0,8581522110132918;0,8604474584594741;0,9625564739088912;0,8182246019620898;0,6865217688106334
39,6;1,2542732908266587;0,855568446435804;0,8578987387776119;0,959724951084247;0,8157928235362188;0,6844547571486432
39,7;1,2505819105072615;0,8529844802122261;0,8553498201846866;0,9568932072775862;0,8133608553257926;0,6823875841697808
39,800000000000004;1,2468902421220207;0,8504003123425573;0,8528007026806977;0,9540612424889083;0,8109286973308102;0,6803202498740459
39,900000000000006;1,2438068080325606;0,8482419084799353;0,8506715743328584;0,951695868392884;0,8088972584012837;0,6785935267839482
40,0;1,241052203291837;0,8463136851614287;0,8487695044748987;0,9495827469479455;0,8070824599838655;0,677050948129143
40,1;1,23829731048527;0,8443852601968318;0,846867235705876;0,9474694045209899;0,8052674717818921;0,6755082081574655
40,2;1,235542129612859;0,8424566335861441;0,8449647680257896;0,9453558411120171;0,8034522937953628;0,6739653068689153
40,300000000000004;1,232786660674605;0,8405278053293663;0,84306210143464;0,9432420567210278;0,8016369260242775;0,6724222442634931
40,400000000000006;1,2300309036705068;0,8385987754264975;0,8411592359324267;0,9411280513480209;0,7998213684686365;0,6708790203411981
40,5;1,2272748586005655;0,8366695438775387;0,8392561715191503;0,9390138249929975;0,7980056211284398;0,669335635102031
40,6;1,2236406531109771;0,8341256000348268;0,8367467324634545;0,9362259413297516;0,7956113210411817;0,6673004800278615
40,7;1,2198843539148387;0,83149619059753;0,8341529870259236;0,9333443967409331;0,7931365827472553;0,665196952478024
40,800000000000004;1,2161277666528552;0,8288665795141417;0,8315590426773284;0,9304626311700965;0,790661654668772;0,6630932636113134
40,900000000000006;1,2123708913250293;0,8262367667846633;0,8289648994176704;0,9275806446172435;0,7881865368057337;0,6609894134277307
41,0;1,2086137279313591;0,8236067524090942;0,8263705572469489;0,9246984370823734;0,7857112291581392;0,6588854019272754
41,1;1,2048562764718456;0,8209765363874347;0,8237760161651639;0,9218160085654863;0,7832357317259891;0,6567812291099479
41,2;1,2011697304150795;0,8183959541476986;0,8212304356574093;0,9189879732342684;0,7808069484415314;0,654716763318159
41,300000000000004;1,1980751001038092;0,8162297129298093;0,8190935762562855;0,9166140102557598;0,7787681331776358;0,6529837703438475
41,400000000000006;1,194980181726695;0,8140632700658296;0,8169565179440982;0,9142398262952338;0,7767291281291842;0,6512506160526637
41,5;1,1918849752837377;0,8118966255557591;0,8148192607208475;0,9118654213526911;0,7746899332961767;0,6495173004446073
41,6;1,188789480774936;0,8097297793995981;0,8126818045865334;0,9094907954281309;0,7726505486786133;0,6477838235196786
41,7;1,1856936982002912;0,8075627315973467;0,8105441495411561;0,9071159485215543;0,7706109742764945;0,6460501852778774
41,800000000000004;1,1825976275598022;0,8053954821490046;0,8084062955847147;0,90474088063296;0,7685712100898194;0,6443163857192037
41,900000000000006;1,1797359916399477;0,8033923370051063;0,8064303201036807;0,902545653078003;0,7666858970132093;0,642713869604085
42,0;1,1773369324816916;0,8017129955943271;0,8047737564432327;0,9007052789292036;0,7651053403912993;0,6413703964754617
42,1;1,1749375852575914;0,8000334525374568;0,8031169938717206;0,8988646837983872;0,7635245939848334;0,6400267620299656
42,2;1,172537949967648;0,7983537078344966;0,801460032389146;0,897023867685554;0,7619436577938119;0,6386829662675972
42,300000000000004;1,1701380266118608;0,7966737614854454;0,7998028719955071;0,8951828305907035;0,7603625318182345;0,6373390091883564
42,400000000000006;1,16773781519023;0,7949936134903041;0,7981455126908055;0,8933415725138361;0,7587812160581012;0,6359948907922433
42,5;1,1653373157027558;0,7933132638490719;0,7964879544750401;0,8915000934549516;0,7571997105134123;0,6346506110792576
42,6;1,1626822479640395;0,7914547164319705;0,7946546154692683;0,8894633291622379;0,755450489414964;0,6331637731455765
42,7;1,159831627522096;0,78945928212261;0,7926862462368532;0,8872765518369111;0,7535724335943893;0,631567425698088
42,800000000000004;1,1569807190143087;0,7874636461671589;0,790717678093375;0,8850895535295676;0,7516941879892589;0,6299709169337272
42,900000000000006;1,154129522440678;0,7854678085656174;0,7887489110388334;0,8829023342402071;0,7498157525995727;0,628374246852494
43,0;1,1512780378012033;0,7834717693179851;0,7867799450732282;0,8807148939688292;0,7479371274253306;0,6267774154543881
43,1;1,1484262650958854;0,7814755284242626;0,7848107801965599;0,8785272327154345;0,7460583124665328;0,6251804227394101
43,2;1,1455742043247235;0,7794790858844491;0,7828414164088278;0,8763393504800228;0,7441793077231793;0,6235832687075593
43,300000000000004;1,1433419160177198;0,7779164840695467;0,7813000089465318;0,8746269101349239;0,7427086236620943;0,6223331872556375
43,400000000000006;1,141269425148786;0,7764657404612931;0,7798689425018921;0,873037054125879;0,7413432179131498;0,6211725923690345
43,5;1,139196646214009;0,7750147952069492;0,7784376771461892;0,8714469771348171;0,7399776223796497;0,6200118361655593
43,6;1,1371235792133878;0,7735636483065144;0,7770062128794223;0,8698566791617379;0,7386118370615933;0,6188509186452116
43,7;1,1350502241469234;0,7721122997599893;0,7755745497015925;0,8682661602066418;0,7372458619589816;0,6176898398079915
43,800000000000004;1,132976581014615;0,7706607495673734;0,7741426876126988;0,8666754202695286;0,7358796970718137;0,6165285996538987
43,900000000000006;1,1308810567917678;0,7691938826113803;0,7726957165093765;0,8650678948383034;0,7344991164073497;0,6153551060891043
44,0;1,1279056998433064;0,7671111327474573;0,770641216027085;0,8627854292340041;0,7325388812413045;0,6136889061979659
44,1;1,1249300548290018;0,7650281812374441;0,7685865166337305;0,8605027426476882;0,7305784562907037;0,6120225449899553
44,2;1,1219541217488527;0,7629450280813398;0,7665316183293118;0,8582198350793547;0,7286178415555468;0,6103560224650719
44,300000000000004;1,1189779006028608;0,7608616732791453;0,7644765211138302;0,8559367065290048;0,7266570370358343;0,6086893386233163
44,400000000000006;1,1160013913910245;0,7587781168308599;0,7624212249872848;0,8536533569966371;0,7246960427315656;0,607022493464688
44,5;1,1130245941133452;0,7566943587364845;0,7603657299496764;0,8513697864822531;0,7227348586427418;0,6053554869891876
44,6;1,1099538952376453;0,7545448695234945;0,7582453953376026;0,8490141818652778;0,7207118099716925;0,6036358956187957
44,7;1,1066066881449197;0,7522018245585865;0,7559341302674097;0,8464464613557896;0,7185065911811908;0,6017614596468692
44,800000000000004;1,1032591929863496;0,7498585779475876;0,7536226662861529;0,8438785198642839;0,7163011826061328;0,5998868623580701
44,900000000000006;1,099911409761936;0,7475151296904982;0,7513110033938329;0,8413103573907611;0,7140955842465193;0,5980121037523985
45,0;1,0965633384716789;0,7451714797873181;0,7489991415904496;0,8387419739352215;0,7118897961023499;0,5961371838298545
45,1;1,0932149791155787;0,7428276282380479;0,746687080876003;0,8361733694976652;0,709683818173625;0,5942621025904383
45,2;1,0898663316936348;0,7404835750426871;0,7443748212504929;0,8336045440780917;0,7074776504603442;0,5923868600341498
45,300000000000004;1,0870026153827486;0,7384789736250669;0,7423974092479081;0,831407720606727;0,7055909667731721;0,5907831789000535
45,400000000000006;1,0846594763751876;0,7368387763197741;0,7407794587617995;0,8296102441077761;0,7040472516623085;0,5894710210558193
45,5;1,0823160493017836;0,7351983773683912;0,7391613093646278;0,8278125466268085;0,7025033467668893;0,588158701894713
45,6;1,0799723341625354;0,7335577767709176;0,7375429610563922;0,8260146281638235;0,700959252086914;0,5868462214167341
45,7;1,0776283309574437;0,7319169745273535;0,7359244138370934;0,8242164887188217;0,6994149676223831;0,5855335796218828
45,800000000000004;1,075284039686508;0,7302759706376984;0,7343056677067309;0,8224181282918027;0,6978704933732961;0,5842207765101588
45,900000000000006;1,0729394603497295;0,7286347651019535;0,7326867226653055;0,820619546882767;0,6963258293396537;0,5829078120815628
46,0;1,0704018147403578;0,7268584131753932;0,7309344642913868;0,8186728598399613;0,6946539687028911;0,5814867305403146
46,1;1,0677856925500755;0,7250271276421958;0,7291280174029058;0,8166659715844024;0,6929304058481169;0,5800217021137567
46,2;1,0651692822939498;0,7231956404629076;0,7273213716033615;0,8146588623468264;0,691206653208787;0,5785565123703261
46,300000000000004;1,06255258397198;0,7213639516375289;0,7255145268927535;0,8126515321272333;0,6894827107849012;0,5770911613100231
46,400000000000006;1,0599355975841667;0,7195320611660596;0,7237074832710823;0,8106439809256231;0,6877585785764595;0,5756256489328477
46,5;1,05731832313051;0,7176999690484999;0,7219002407383477;0,808636208741996;0,6860342565834622;0,5741599752387999
46,6;1,05470076061101;0,7158676752848497;0,7200927992945497;0,8066282155763521;0,684309744805909;0,5726941402278798
46,7;1,0517881709137933;0,7138288624967982;0,71808163994752;0,804393900192186;0,6823908621818605;0,5710630899974386
46,800000000000004;1,0488566825023595;0,7117768206087947;0,7160574309334595;0,8021450871642367;0,6804595286402101;0,5694214564870358
46,900000000000006;1,0459249060250817;0,7097245770747;0,7140330230083355;0,7998960531542703;0,6785280053140035;0,56777966165976
47,0;1,0429928414819607;0,7076721318945154;0,7120084161721483;0,7976467981622869;0,6765962922032415;0,5661377055156124
47,1;1,0400604888729956;0,7056194850682398;0,7099836104248974;0,7953973221882862;0,6746643893079232;0,5644955880545919
47,2;1,0371278481981874;0,703566636595874;0,7079586057665835;0,7931476252322689;0,6727322966280496;0,5628533092766993
47,300000000000004;1,0341980531426487;0,701515780056997;0,7059355660241647;0,7909001112170613;0,6708020787091065;0,5612126240455976
47,400000000000006;1,0312832948822273;0,699475449274702;0,7039229092722091;0,7886641322775598;0,6688817673845935;0,5595803594197616
47,5;1,0283682485559618;0,6974349168463161;0,7019100536091898;0,7864279323560412;0,6669612662755244;0,5579479334770528
47,6;1,025452914163853;0,69539418277184;0,6998969990351074;0,7841915114525058;0,6650405753818999;0,556315346217472
47,7;1,0225372917059004;0,693353247051273;0,6978837455499611;0,7819548695669529;0,6631196947037192;0,5546825976410185
47,800000000000004;1,0196213811821042;0,6913121096846158;0,6958702931537517;0,7797180066993833;0,661198624240983;0,5530496877476926
47,900000000000006;1,0167051825924645;0,6892707706718678;0,6938566418464789;0,7774809228497966;0,6592773639936909;0,5514166165374943
48,0;1,0131103235719918;0,6867543693575371;0,6913743717460292;0,7747232227792971;0,6569089862860853;0,5494034954860297
48,1;1,0084930698430015;0,6835222917472439;0,6881861324263812;0,7711812199187018;0,6538670308881622;0,5468178333977951
48,2;1,0038755280481675;0,6802900124908601;0,6849976941956698;0,7676389960760894;0,6508248857056835;0,5442320099926881
48,300000000000004;0,9992576981874897;0,6770575315883857;0,6818090570538946;0,7640965512514599;0,6477825507386488;0,5416460252707086
48,400000000000006;0,994639580260969;0,6738248490398212;0,6786202210010566;0,7605538854448138;0,6447400259870586;0,5390598792318569
48,5;0,9900211742686045;0,670591964845166;0,6754311860371551;0,7570109986561506;0,6416973114509126;0,5364735718761329
48,6;0,9854024802103962;0,6673588790044203;0,6722419521621902;0,7534678908854704;0,6386544071302107;0,5338871032035363
48,7;0,9802748865632832;0,663769563451441;0,6687013202973526;0,7495343943890549;0,6352762277862303;0,5310156507611529
48,800000000000004;0,9748458434341369;0,6599692332610386;0,6649525358925166;0,7453696489749153;0,6316994464305574;0,5279753866088309
48,900000000000006;0,9694165122391473;0,656168701424546;0,6612035525766174;0,7412046825787588;0,6281224752903289;0,5249349611396368
49,0;0,9639868929783144;0,6523679679419631;0,6574543703496553;0,7370394952005856;0,6245453143655451;0,5218943743535704
49,1;0,9585569856516372;0,648567032813289;0,653704989211629;0,7328740868403949;0,6209679636562047;0,5188536262506313
49,2;0,953126790259117;0,6447658960385247;0,6499554091625398;0,7287084574981876;0,617390423162309;0,5158127168308199
49,300000000000004;0,9476963068007522;0,6409645576176694;0,6462056302023867;0,7245426071739627;0,613812692883857;0,5127716460941355
49,400000000000006;0,9431977006992147;0,6378155333465931;0,6430993177278355;0,7210916216714133;0,6108489053346087;0,5102524266772746
49,5;0,9388540278391503;0,634774962344548;0,6400999875162003;0,7177594890664323;0,607987191450331;0,5078199698756384
49,6;0,9345100669132416;0,6317341896964119;0,6371004583935014;0,7144271354794338;0,605125287781497;0,5053873517571296
49,7;0,9301658179214892;0,6286932154021853;0,634100730359739;0,7110945609104182;0,6022631943281072;0,5029545723217482
49,800000000000004;0,9258212808638935;0,6256520394618683;0,6311008034149133;0,7077617653593861;0,5994009110901618;0,5005216315694947
49,900000000000006;0,9214764557404539;0,6226106618754607;0,6281006775590241;0,7044287488263365;0,5965384380676605;0,4980885295003685
50,0;0,9171115581895377;0,6195552335898192;0,6250866915805862;0,7010803342667296;0,593662740857645;0,4956441868718554
50,1;0,9125372090605991;0,6163531891995623;0,6219280781253389;0,6975712445239821;0,590649052019756;0,49308255135964985
50,2;0,9079625718658171;0,6131509431632148;0,6187692657590282;0,6940619337992179;0,5876351733973114;0,49052075453057187
50,300000000000004;0,9033876466051903;0,6099484954807761;0,6156102544816534;0,6905524020924357;0,5846211049903104;0,4879587963846209
50,400000000000006;0,898812433278721;0,6067458461522475;0,6124510442932158;0,6870426494036372;0,581606846798754;0,485396676921798
50,5;0,8942369318864082;0,6035429951776285;0,6092916351937151;0,683532675732822;0,578592398822642;0,4828343961421029
50,6;0,8896611424282518;0,6003399425569191;0,606132027183151;0,6800224810799896;0,5755777610619743;0,48027195404553535
50,7;0,8852486467193325;0,5972511955606756;0,6030851744125036;0,6766375528649283;0,5726707050655099;0,47780095644854054
50,800000000000004;0,8811906412304344;0,594410591718447;0,6002830991057431;0,6735245623528969;0,5699971955669418;0,4755284733747576
50,900000000000006;0,8771323476756926;0,5915697862301277;0,5974808248879188;0,6704113508588484;0,5673234962838176;0,4732558289841022
51,0;0,8730737660551079;0,5887287790957184;0,5946783517590317;0,6672979183827834;0,5646496072161383;0,47098302327657476
51,1;0,8690148963686789;0,5858875703152181;0,5918756797190808;0,664184264924701;0,5619755283639027;0,4687100562521745
51,2;0,8649557386164068;0,5830461598886276;0,5890728087680667;0,6610703904846016;0,5593012597271118;0,46643692791090213
51,300000000000004;0,8608962927982902;0,580204547815946;0,5862697389059887;0,6579562950624849;0,5566268013057644;0,4641636382527568
51,400000000000006;0,856938684244202;0,5774342218280842;0,5835369882397873;0,654920321377157;0,5540194356701298;0,4619473774624674
51,5;0,8530661386922938;0,5747234399417486;0,5808629740485806;0,6519496015017205;0,5514681115418137;0,4597787519533989
51,6;0,8491933050745416;0,572012456409322;0,5781887609463102;0,6489786606442667;0,5489165976289417;0,4576099651274576
51,7;0,8453201833909461;0,5693012712308051;0,5755143489329767;0,6460074988047961;0,5463648939315141;0,4554410169846441
51,800000000000004;0,8414467736415068;0,5665898844061976;0,5728397380085796;0,6430361159833086;0,5438130004495306;0,4532719075249581
51,900000000000006;0,8375730758262234;0,5638782959354993;0,5701649281731189;0,6400645121798036;0,541260917182991;0,45110263674839945
52,0;0,8336990899450969;0,5611665058187106;0,567489919426595;0,6370926873942818;0,5387086441318958;0,44893320465496855
52,1;0,8292251344886369;0,5580347369991886;0,564400628359249;0,6336606119756275;0,5357610970076397;0,4464277895993509
52,2;0,8245756884110403;0,5547801247448712;0,5611901600442625;0,6300939136147315;0,532697932532988;0,44382409979589693
52,300000000000004;0,8199259542676006;0,5515253108444632;0,5579794928182129;0,6265269942718189;0,5296345782737806;0,4412202486755706
52,400000000000006;0,8152759320583174;0,548270295297965;0,5547686266810999;0,6229598539468894;0,5265710342300175;0,43861623623837204
52,5;0,8106256217831908;0,5450150781053763;0,5515575616329236;0,6193924926399428;0,5235073004016988;0,4360120624843011
52,6;0,80597502344222;0,5417596592666969;0,5483462976736838;0,615824910350979;0,520443376788824;0,43340772741335754
52,7;0,801326421620285;0,5385056379913423;0,545136412321916;0,6122588596382618;0,5173807685296667;0,4308045103930739
52,800000000000004;0,797421909323352;0,5357724793834892;0,5424403249158957;0,6092636173282857;0,5148083839575697;0,42861798350679137
52,900000000000006;0,7935171089605749;0,5330391191295454;0,5397440385988117;0,6062681540362924;0,5122358096009166;0,4264312953036363
53,0;0,7896120205319548;0,5303055572295112;0,5370475533706646;0,6032724697622824;0,5096630454597081;0,424244445783609
53,1;0,7857066440374909;0,5275717936833865;0,5343508692314541;0,6002765645062552;0,5070900915339437;0,4220574349467092
53,2;0,7818009794771831;0,524837828491171;0,5316539861811798;0,597280438268211;0,5045169478236231;0,4198702627929368
53,300000000000004;0,7778950268510316;0,5221036616528649;0,5289569042198422;0,5942840910481496;0,5019436143287469;0,41768292932229195
53,400000000000006;0,7741441082932504;0,5194780186624183;0,5263668741429527;0,5914066740723174;0,4994724209259735;0,41558241492993464
53,5;0,7709064340711665;0,5172116467069595;0,5241312421277036;0,588922978778664;0,4973393649678946;0,41376931736556766
53,6;0,7676684717832398;0,5149450731054108;0,5218954112013917;0,5864390625029942;0,4952061192252606;0,4119560584843287
53,7;0,7644302214294687;0,5126782978577709;0,5196593813640157;0,5839549252453067;0,49307268369807017;0,4101426382862167
53,800000000000004;0,7611916830098547;0,5104113209640411;0,517423152615577;0,5814705670056028;0,49093905838632446;0,4083290567712329
53,900000000000006;0,7579528565243963;0,5081441424242201;0,5151867249560741;0,5789859877838813;0,48880524329002245;0,4065153139393761
54,0;0,7547137419730947;0,5058767622383092;0,5129500983855085;0,5765011875801432;0,486671238409165;0,4047014097906474
54,1;0,7510870025864793;0,5033380446676783;0,5104458147153424;0,573719031338356;0,4842818571662183;0,40267043573414263
54,2;0,7470077984857273;0,5004826017971519;0,5076291016494716;0,5705897788775051;0,4815943815233699;0,40038608143772153
54,300000000000004;0,7429283063191313;0,4976269572805348;0,5048121896725374;0,567460305434637;0,47890671609596547;0,39810156582442785
54,400000000000006;0,7388485260866915;0,4947711111178269;0,5019950787845395;0,5643306110097516;0,47621886088400517;0,39581688889426153
54,5;0,734768457788409;0,4919150633090293;0,49917776898547894;0,5612006956028501;0,47353081588748974;0,39353205064722346
54,6;0,7306881014242822;0,4890588138541404;0,4963602602753543;0,5580705592139308;0,47084258110641786;0,39124705108331237
54,7;0,7266074569943116;0,48620236275316103;0,49354255265416624;0,5549402018429944;0,4681541565407903;0,38896189020252886
54,800000000000004;0,7230329951490931;0,483700239461508;0,4910743669164075;0,552198148920635;0,46579921697217563;0,3869601915692064
54,900000000000006;0,719685211956182;0,48135679122647024;0,48876270404584;0,5496299864712786;0,4635936186333166;0,3850854329811762
55,0;0,7163371406974279;0,4790131413453424;0,48645084226420954;0,5470616030399057;0,4613878305099022;0,38321051307627396
55,1;0,7129887813728301;0,47666928981812384;0,4841387815715155;0,5444929986265155;0,45918185260193173;0,3813354318544991
55,2;0,7096401339823873;0,47432523664481396;0,4818265219677573;0,5419241732311074;0,45697568490940477;0,3794601893158512
55,300000000000004;0,7062911985261022;0,47198098182541437;0,47951406345293646;0,5393551268536831;0,4547693274323228;0,37758478546033153
55,400000000000006;0,7029419750039732;0,4696365253599241;0,4772014060270522;0,5367858594942416;0,45256278017068485;0,3757092202879393
55,5;0,6993669169305801;0,46713398470854883;0,4747328085904305;0,5340433491913646;0,45020744779292;0,3737071877668391
55,6;0,6957718794702855;0,4646174584863428;0,47225041527629374;0,5312855122355223;0,4478389525249612;0,37169396678907424
55,7;0,6921765539441479;0,46210073061804646;0,469767823051094;0,5285274542976633;0,4454702674724471;0,3696805844944372
55,800000000000004;0,6885809403521662;0,45958380110365915;0,4672850319148303;0,525769175377787;0,44310139263537673;0,36766704088292734
55,900000000000006;0,6849850386943412;0,4570666699431818;0,4648020418675037;0,523010675475894;0,44073232801375095;0,36565333595454547
56,0;0,6813888489706726;0,4545493371366138;0,46231885290911345;0,5202519545919837;0,4383630736075692;0,36363946970929106
56,1;0,6779285312333281;0,45212711472047246;0,45992948431119357;0,5175974642729247;0,43608333486296574;0,361701691776378
56,2;0,6752464103284228;0,45024963008703883;0,45807746494405804;0,5155399468664222;0,434316290502087;0,3601997040696311
56,300000000000004;0,6725640013576741;0,44837194380751483;0,4562252466658592;0,5134822084779027;0,43254905635665264;0,35869755504601186
56,400000000000006;0,6698813043210816;0,44649405588189994;0,4543728294765968;0,511424249107366;0,4307816324266622;0,35719524470552
56,5;0,6671983192186459;0,444615966310195;0,45252021337627135;0,5093660687548125;0,4290140187121163;0,35569277304815605
56,6;0,6645150460503665;0,44273767509239936;0,45066739836488234;0,5073076674202419;0,42724621521301454;0,3541901400739195
56,7;0,6618314848162433;0,4408591822285132;0,44881438444242977;0,5052490451036544;0,4254782219293569;0,3526873457828106
56,800000000000004;0,6592132263257372;0,4390264012851589;0,4470064624267906;0,5032405180424443;0,4237532516297295;0,35122112102812714
56,900000000000006;0,6567025967985639;0,43726896061613757;0,44527285880753403;0,5013145556654346;0,4220991898235917;0,34981516849291006
57,0;0,6541916792055468;0,4355113183010257;0,4435390562772139;0,49938837230640776;0,42044493823289814;0,34840905464082056
57,1;0,651680473546686;0,43375347433982303;0,4418050548358304;0,4974619679653639;0,41879049685764863;0,3470027794718584
57,2;0,6491689798219813;0,43199542873252983;0,44007085448338334;0,49553534264230276;0,41713586569784317;0,3455963429860239
57,300000000000004;0,6466571980314334;0,4302371814791463;0,4383364552198731;0,4936084963372249;0,4154810447534823;0,3441897451833171
57,400000000000006;0,6441451281750419;0,4284787325796721;0,4366018570452993;0,49168142905012985;0,4138260340245654;0,3427829860637377
57,5;0,6417680338380413;0,42681476654377176;0,4349604602158045;0,48985790462722534;0,41225994834371793;0,34145181323501744
57,6;0,639478157891226;0,42521185338100104;0,4333792881686816;0,48810128746254516;0,41075132419052207;0,34016948270480085
57,7;0,637187993878567;0,42360873857213965;0,4317979172104955;0,4863444493158479;0,40924251025277014;0,33888699085771173
57,800000000000004;0,6348975418000643;0,4220054221171879;0,4302163473412457;0,48458739018713354;0,4077335065304625;0,3376043376937503
57,900000000000006;0,6326068016557184;0,42040190401614574;0,4286345785609329;0,48283011007640236;0,40622431302359935;0,33632152321291664
58,0;0,6303157734455287;0,4187981842690129;0,4270526108695565;0,4810726089836541;0,4047149297321802;0,33503854741521033
58,1;0,6280244571694953;0,41719426287578953;0,4254704442671168;0,47931488690888885;0,40320535665620527;0,33375541030063166
58,2;0,6256084050553364;0,41550302639587844;0,4238021468763289;0,4774614770678902;0,40161360467511253;0,33240242111670276
58,300000000000004;0,6231677140906047;0,41379454272056604;0,4221168362225067;0,4755891661908356;0,40000562003952433;0,3310356341764529
58,400000000000006;0,6207267350600292;0,4120858573991633;0,420431326657621;0,47371663433176403;0,39839744561938056;0,3296686859193307
58,5;0,6182854679636102;0,41037697043167004;0,418745618181672;0,4718438814906756;0,39678908141468106;0,3283015763453361
58,6;0,6158439128013475;0,40866788181808605;0,4170597107946596;0,4699709076675698;0,3951805274254256;0,3269343054544689
58,7;0,6134020695732413;0,40695859155841174;0,4153736044965838;0,46809771286244745;0,39357178365161444;0,3255668732467294
58,800000000000004;0,6108948243369798;0,40520351989302866;0,4136423377489803;0,4661743466538084;0,3919199514959598;0,324162815914423
58,900000000000006;0,607458481583654;0,40279807996570055;0,4112695240105555;0,46353824810331173;0,38965600803494516;0,32223846397256045
59,0;0,6040218507644833;0,40039243839228117;0,40889651136106653;0,4609019285707975;0,38739187478937387;0,32031395071382496
59,1;0,6005849318794689;0,39798659517277113;0,4065232998005141;0,4582653880562658;0,38512755175924673;0,31838927613821694
59,2;0,597147724928611;0,39558055030717065;0,40414988932889834;0,4556286265597173;0,38286303894456397;0,31646444024573656
59,300000000000004;0,5937102299119105;0,39317430379548024;0,4017762799462197;0,45299164408115256;0,38059833634532586;0,3145394430363842
59,400000000000006;0,5902724468293655;0,39076785563769867;0,3994024716524771;0,4503544406205701;0,37833344396153157;0,31261428451015894
59,5;0,5870535355038222;0,3885146177098184;0,3971797955213992;0,44788513878179714;0,37621274944117367;0,3108116941678547
59,6;0,58435891434922;0,38662838290159685;0,39531914466248774;0,4458180321426502;0,374437469621671;0,3093027063212775
59,7;0,581664005128775;0,38474194644728543;0,3934582948925134;0,44375070452148696;0,37266200001761324;0,30779355715782836
59,800000000000004;0,578968807842486;0,38285530834688314;0,3915972462114754;0,44168315591830637;0,37088634062899933;0,30628424667750653
59,900000000000006;0,5762733224903537;0,38096846860039046;0,38973599861937414;0,43961538633310887;0,3691104914558297;0,3047747748803124
60,0;0,5735775490723775;0,379081427207807;0,38787455211620914;0,4375473957658943;0,36733445249810415;0,30326514176624564
60,1;0,570881487588558;0,3771941841691334;0,38601290670198124;0,4354791842166629;0,36555822375582303;0,30175534733530673
60,2;0,568361342341669;0,3754300824963112;0,3842727324254611;0,4335459221094604;0,36389789276963747;0,300344065997049
60,300000000000004;0,5660010785482776;0,3737778978409373;0,3826429571797162;0,43173530878850275;0,36234289544693254;0,29902231827274983
60,400000000000006;0,5636405266890424;0,3721255115394726;0,38101298302290765;0,42992447448552773;0,3607877083396717;0,2977004092315781
60,5;0,561279686763964;0,37047292359191764;0,3793828099550359;0,4281134192005361;0,3592323314478553;0,2963783388735341
60,6;0,5589185587730414;0,3688201339982718;0,3777524379761005;0,4263021429335269;0,35767676477148275;0,29505610719861747
60,7;0,5565571427162757;0,36716714275853585;0,37612186708610196;0,4244906456845011;0,35612100831055477;0,2937337142068287
60,800000000000004;0,5541954385936658;0,36551394987270897;0,3744910972850397;0,4226789274534579;0,3545650620650706;0,2924111598981672
60,900000000000006;0,5518340047696952;0,36386094619592957;0,37286051412668764;0,42086741657479565;0,35300929389868996;0,2910887569567437
61,0;0,5494724660391029;0,36220786908451497;0,3712298585297311;0,41905582521982065;0,3514534566173586;0,289766295267612
61,1;0,5471106392426665;0,3605545903270094;0,3695990040217109;0,4172440128828283;0,3498974295514711;0,28844367226160755
61,2;0,5447485243803861;0,3589011099234132;0,36796795060262705;0,4154319795638188;0,3483412127010275;0,28712088793873053
61,300000000000004;0,5423861214522628;0,3572474278737269;0,3663366982724803;0,4136197252627926;0,34678480606602863;0,28579794229898153
61,400000000000006;0,5400234304582956;0,35559354417794975;0,3647052470312698;0,4118072499797492;0,3452282096464737;0,2844748353423598
61,5;0,537660451398485;0,35393945883608235;0,3630735968789962;0,40999455371468907;0,34367142344236323;0,2831515670688659
61,6;0,5347659799844012;0,35191332884622367;0,36107494830700243;0,4077741372874467;0,34176447756955514;0,28153066307697894
61,7;0,5318615703089351;0,3498802420733974;0,3590694373103797;0,40554609698845906;0,3398509841363069;0,27990419365871794
61,800000000000004;0,5289568725676252;0,3478469536544805;0,3570637274026935;0,4033178357074542;0,3379373009185027;0,2782775629235844
61,900000000000006;0,5260518867604714;0,34581346358947285;0,3550578185839437;0,40108935344443214;0,33602342791614254;0,2766507708715783
62,0;0,5231466128874748;0,3437797718783751;0,3530517108541309;0,3988606501993936;0,33410936512922706;0,2750238175027001
62,1;0,5202410509486342;0,3417458785211867;0,35104540421325453;0,39663172597233776;0,3321951125577556;0,2733967028169494
62,2;0,517493660003074;0,33982270485929456;0,3491483155208825;0,39452413839766143;0,3303850667583277;0,27185816388743567
62,300000000000004;0,5153373795319411;0,3383133085295016;0,34765939189100037;0,3928700054335047;0,3289644584479343;0,2706506468236013
62,400000000000006;0,5131808109949649;0,33680371055361824;0,346170269350055;0,3912156514873312;0,32754366035298527;0,2694429684428946
62,5;0,5110239543921448;0,33529391093164423;0,34468094789804615;0,38956107655914046;0,32612267247348026;0,2682351287453154
62,6;0,508866809723481;0,3337839096635795;0,34319142753497367;0,38790628064893257;0,3247014948094194;0,2670271277308636
62,7;0,5067093769889739;0,3322737067494245;0,341701708260838;0,38625126375670793;0,32328012736080297;0,26581896539953964
62,800000000000004;0,504551656188623;0,3307633021891789;0,3402117900756389;0,3845960258824661;0,3218585701276306;0,26461064175134313
62,900000000000006;0,5023623597392607;0,32923079467462535;0,33870006872959346;0,38291656559254444;0,3204162101139332;0,2633846357397003
63,0;0,5001330321895533;0,3276702653898301;0,3371607056866388;0,3812063965133168;0,31894747666941997;0,26213621231186407
63,1;0,49790341657400133;0,3261095344589438;0,3356211437326203;0,37949600645207154;0,31747855344035053;0,26088762756715506
63,2;0,49567351289260647;0,3245486018819674;0,3340813828675388;0,37778539540880973;0,3160094404267257;0,2596388815055739
63,300000000000004;0,49344332114536804;0,32298746765890046;0,3325414230913938;0,37607456338353085;0,31454013762854505;0,2583899741271204
63,400000000000006;0,4912128413322858;0,32142613178974294;0,3310012644041854;0,37436351037623494;0,3130706450458085;0,25714090543179435
63,5;0,48898207345335987;0,31986459427449476;0,32946090680591344;0,3726522363869218;0,3116009626785161;0,25589167541959584
63,6;0,48684392852523567;0,3183678928248079;0,32798450586910766;0,3710120156201417;0,3101923024905755;0,2546943142598463
63,7;0,4847513318928646;0,3169030751821481;0,3265395562832534;0,36940673601174745;0,3088136505916016;0,2535224601457185
63,800000000000004;0,48265844719465006;0,31543805589339796;0,3250944077863358;0,3678012354213363;0,30743480890807207;0,2523504447147184
63,900000000000006;0,48056527443059116;0,31397283495855666;0,32364906037835434;0,36619551384890753;0,30605577743998613;0,25117826796684534
64,0;0,47847181360068913;0,31250741237762525;0,3222035140593098;0,3645895712944622;0,3046765561873448;0,2500059299021002
64,10000000000001;0,47637806470494326;0,31104178815060307;0,3207577688292016;0,3629834077579995;0,3032971451501475;0,24883343052048246
64,2;0,4742840277433543;0,30957596227749085;0,31931182468803043;0,36137702323952037;0,3019175443283948;0,2476607698219927
64,3;0,4714428335551721;0,3075871263457633;0,3173499643361414;0,3591974770129696;0,3000456987455924;0,24606970107661064
64,4;0,4685172606336765;0,30553922530071637;0,3153298400007067;0,35695320189510993;0,29811826246790113;0,2444313802405731
64,5;0,46559139964633767;0,3034911226095793;0,31330951675420887;0,3547087057952336;0,2961906364056544;0,24279289808766344
64,60000000000001;0,4626652505931552;0,3014428182723515;0,3112889945966476;0,3524639887133402;0,29426282055885183;0,2411542546178812
64,7;0,4597388134741295;0,29939431228903346;0,3092682735280232;0,35021905064943004;0,2923348149274937;0,23951544983122677
64,8;0,4568120882892599;0,29734560465962473;0,30724735354833516;0,34797389160350267;0,2904066195115796;0,2378764837276998
64,9;0,45400358653680145;0,29537965343290384;0,30530806750471406;0,3458194245057264;0,28855631247466584;0,23630372274632308
65,0;0,45200241434297317;0,29397883289722404;0,3039262470009609;0,34428427871320055;0,2872378931469672;0,23518306631777924
65,10000000000001;0,4500009540833008;0,2925778107154534;0,302544227586144;0,3427489119386574;0,2859192840347125;0,23406224857236274
65,2;0,44799920575778535;0,29117658688759257;0,301162009260264;0,3412133241820976;0,28460048513790226;0,23294126951007407
65,3;0,4459971693664262;0,2897751614136411;0,29977959202332055;0,3396775154435207;0,2832814964565362;0,2318201291309129
65,4;0,44399484490922314;0,288373534293599;0,2983969758753135;0,33814148572292657;0,2819623179906143;0,23069882743487924
65,5;0,44199223238617663;0,2869717055274665;0,29701416081624316;0,3366052350203156;0,28064294974013654;0,22957736442197318
65,60000000000001;0,4399085428783251;0,2855131228719704;0,29557536164929266;0,3350067882745664;0,2792701660643755;0,22841049829757631
65,7;0,43767913438480066;0,28395253692650335;0,2940359427141834;0,33329655710145184;0,2778013792921712;0,22716202954120268
65,8;0,43544943782543216;0,2823917493349453;0,29249632486801025;0,3315861049463198;0,27633240273541076;0,22591339946795627
65,9;0,43321945320021965;0,2808307600972967;0,2909565081107735;0,3298754318091705;0,2748632363940943;0,22466460807783736
66,0;0,4309891805091639;0,2792695692135576;0,2894164924424736;0,3281645376900044;0,2733938802682223;0,2234156553708461
66,10000000000001;0,4287586197522644;0,2777081766837279;0,28787627786311015;0,3264534225888212;0,27192433435779434;0,22216654134698233
66,2;0,4265277709295213;0,27614658250780777;0,28633586437268344;0,32474208650562114;0,27045459866281074;0,22091726600624623
66,3;0,42486839744239935;0,2749850210668224;0,2851900577724512;0,32346914246070557;0,2693613643654127;0,21998801685345792
66,4;0,4236122002061616;0,27410568300145594;0,2843226466105608;0,32250548430687936;0,2685337520685972;0,21928454640116476
66,5;0,42235571490408064;0,27322614328999933;0,28345503653760723;0,32154160517103647;0,26770594998722624;0,21858091463199947
66,60000000000001;0,42109894153615535;0,27234640193245163;0,2825872275535898;0,320577505053176;0,266877958121299;0,2178771215459613
66,7;0,41984188010238743;0,2714664589288141;0,2817192196585096;0,3196131839532992;0,2660497764708166;0,2171731671430513
66,8;0,4185845306027754;0,27058631427908564;0,28085101285236563;0,318648641871405;0,26522140503577807;0,21646905142326853
66,9;0,4173268930373196;0,26970596798326657;0,2799826071351582;0,31768387880749377;0,2643928438161837;0,21576477438661326
67,0;0,41606896740602034;0,26882542004135707;0,2791140025068874;0,3167188947615655;0,2635640928120336;0,21506033603308566
67,10000000000001;0,41481075370887743;0,26794467045335707;0,27824519896755323;0,31575368973362034;0,26273515202332764;0,21435573636268568
67,2;0,413552251945891;0,2670637192192665;0,27737619651715567;0,3147882637236581;0,26190602145006603;0,21365097537541322
67,3;0,4122934621170609;0,26618256633908544;0,2765069951556947;0,3138226167316789;0,2610767010922485;0,21294605307126835
67,4;0,4110343842223868;0,26530121181281363;0,2756375948831701;0,31285674875768227;0,26024719094987503;0,21224096945025092
67,5;0,40977501826186974;0,26441965564045167;0,27476799569958243;0,3118906598016692;0,25941749102294615;0,21153572451236136
67,60000000000001;0,4085715632933249;0,2635772371624703;0,27393700336618526;0,3109674614696348;0,25862462657308133;0,21086178972997624
67,7;0,4085715632933249;0,2635772371624703;0,27393700336618526;0,3109674614696348;0,25862462657308133;0,21086178972997624
67,8;0,4085715632933249;0,2635772371624703;0,27393700336618526;0,3109674614696348;0,25862462657308133;0,21086178972997624
67,9;0,4085715632933249;0,2635772371624703;0,27393700336618526;0,3109674614696348;0,25862462657308133;0,21086178972997624
68,0;0,4085715632933249;0,2635772371624703;0,27393700336618526;0,3109674614696348;0,25862462657308133;0,21086178972997624
68,10000000000001;0,4085715632933249;0,2635772371624703;0,27393700336618526;0,3109674614696348;0,25862462657308133;0,21086178972997624
68,2;0,4085715632933249;0,2635772371624703;0,27393700336618526;0,3109674614696348;0,25862462657308133;0,21086178972997624
68,3;0,4085715632933249;0,2635772371624703;0,27393700336618526;0,3109674614696348;0,25862462657308133;0,21086178972997624
68,4;0,4085715632933249;0,2635772371624703;0,27393700336618526;0,3109674614696348;0,25862462657308133;0,21086178972997624
68,5;0,4085715632933249;0,2635772371624703;0,27393700336618526;0,3109674614696348;0,25862462657308133;0,21086178972997624
68,60000000000001;0,4085715632933249;0,2635772371624703;0,27393700336618526;0,3109674614696348;0,25862462657308133;0,21086178972997624
68,7;0,4085715632933249;0,2635772371624703;0,27393700336618526;0,3109674614696348;0,25862462657308133;0,21086178972997624
68,8;0,4085715632933249;0,2635772371624703;0,27393700336618526;0,3109674614696348;0,25862462657308133;0,21086178972997624
68,9;0,4085715632933249;0,2635772371624703;0,27393700336618526;0,3109674614696348;0,25862462657308133;0,21086178972997624
69,0;0,4085715632933249;0,2635772371624703;0,27393700336618526;0,3109674614696348;0,25862462657308133;0,21086178972997624
69,10000000000001;0,4085715632933249;0,2635772371624703;0,27393700336618526;0,3109674614696348;0,25862462657308133;0,21086178972997624
69,2;0,4085715632933249;0,2635772371624703;0,27393700336618526;0,3109674614696348;0,25862462657308133;0,21086178972997624
69,3;0,4085715632933249;0,2635772371624703;0,27393700336618526;0,3109674614696348;0,25862462657308133;0,21086178972997624
69,4;0,4085715632933249;0,2635772371624703;0,27393700336618526;0,3109674614696348;0,25862462657308133;0,21086178972997624
69,5;0,4085715632933249;0,2635772371624703;0,27393700336618526;0,3109674614696348;0,25862462657308133;0,21086178972997624
69,60000000000001;0,4085715632933249;0,2635772371624703;0,27393700336618526;0,3109674614696348;0,25862462657308133;0,21086178972997624
69,7;0,4085715632933249;0,2635772371624703;0,27393700336618526;0,3109674614696348;0,25862462657308133;0,21086178972997624
69,8;0,4085715632933249;0,2635772371624703;0,27393700336618526;0,3109674614696348;0,25862462657308133;0,21086178972997624
69,9;0,4085715632933249;0,2635772371624703;0,27393700336618526;0,3109674614696348;0,25862462657308133;0,21086178972997624
70,0;0,4085715632933249;0,2635772371624703;0,27393700336618526;0,3109674614696348;0,25862462657308133;0,21086178972997624
70,10000000000001;0,4085715632933249;0,2635772371624703;0,27393700336618526;0,3109674614696348;0,25862462657308133;0,21086178972997624
70,2;0,4085715632933249;0,2635772371624703;0,27393700336618526;0,3109674614696348;0,25862462657308133;0,21086178972997624
70,3;0,4085715632933249;0,2635772371624703;0,27393700336618526;0,3109674614696348;0,25862462657308133;0,21086178972997624
70,4;0,4085715632933249;0,2635772371624703;0,27393700336618526;0,3109674614696348;0,25862462657308133;0,21086178972997624
70,5;0,4085715632933249;0,2635772371624703;0,27393700336618526;0,3109674614696348;0,25862462657308133;0,21086178972997624
70,60000000000001;0,4085715632933249;0,2635772371624703;0,27393700336618526;0,3109674614696348;0,25862462657308133;0,21086178972997624
70,7;0,4085715632933249;0,2635772371624703;0,27393700336618526;0,3109674614696348;0,25862462657308133;0,21086178972997624
70,8;0,4085715632933249;0,2635772371624703;0,27393700336618526;0,3109674614696348;0,25862462657308133;0,21086178972997624
70,9;0,4085715632933249;0,2635772371624703;0,27393700336618526;0,3109674614696348;0,25862462657308133;0,21086178972997624
71,0;0,4085715632933249;0,2635772371624703;0,27393700336618526;0,3109674614696348;0,25862462657308133;0,21086178972997624
71,10000000000001;0,4085715632933249;0,2635772371624703;0,27393700336618526;0,3109674614696348;0,25862462657308133;0,21086178972997624
71,2;0,4085715632933249;0,2635772371624703;0,27393700336618526;0,3109674614696348;0,25862462657308133;0,21086178972997624
71,3;0,4085715632933249;0,2635772371624703;0,27393700336618526;0,3109674614696348;0,25862462657308133;0,21086178972997624
71,4;0,4085715632933249;0,2635772371624703;0,27393700336618526;0,3109674614696348;0,25862462657308133;0,21086178972997624
71,5;0,4085715632933249;0,2635772371624703;0,27393700336618526;0,3109674614696348;0,25862462657308133;0,21086178972997624
71,60000000000001;0,4085715632933249;0,2635772371624703;0,27393700336618526;0,3109674614696348;0,25862462657308133;0,21086178972997624
71,7;0,4085715632933249;0,2635772371624703;0,27393700336618526;0,3109674614696348;0,25862462657308133;0,21086178972997624
71,8;0,4085715632933249;0,2635772371624703;0,27393700336618526;0,3109674614696348;0,25862462657308133;0,21086178972997624
71,9;0,4085715632933249;0,2635772371624703;0,27393700336618526;0,3109674614696348;0,25862462657308133;0,21086178972997624
72,0;0,4085715632933249;0,2635772371624703;0,27393700336618526;0,3109674614696348;0,25862462657308133;0,21086178972997624
72,10000000000001;0,4085715632933249;0,2635772371624703;0,27393700336618526;0,3109674614696348;0,25862462657308133;0,21086178972997624
72,2;0,4085715632933249;0,2635772371624703;0,27393700336618526;0,3109674614696348;0,25862462657308133;0,21086178972997624
72,3;0,4085715632933249;0,2635772371624703;0,27393700336618526;0,3109674614696348;0,25862462657308133;0,21086178972997624
72,4;0,4085715632933249;0,2635772371624703;0,27393700336618526;0,3109674614696348;0,25862462657308133;0,21086178972997624
72,5;0,4085715632933249;0,2635772371624703;0,27393700336618526;0,3109674614696348;0,25862462657308133;0,21086178972997624
72,60000000000001;0,4085715632933249;0,2635772371624703;0,27393700336618526;0,3109674614696348;0,25862462657308133;0,21086178972997624
72,7;0,4085715632933249;0,2635772371624703;0,27393700336618526;0,3109674614696348;0,25862462657308133;0,21086178972997624
72,8;0,4085715632933249;0,2635772371624703;0,27393700336618526;0,3109674614696348;0,25862462657308133;0,21086178972997624
72,9;0,4085715632933249;0,2635772371624703;0,27393700336618526;0,3109674614696348;0,25862462657308133;0,21086178972997624
73,0;0,4085715632933249;0,2635772371624703;0,27393700336618526;0,3109674614696348;0,25862462657308133;0,21086178972997624
73,10000000000001;0,4085715632933249;0,2635772371624703;0,27393700336618526;0,3109674614696348;0,25862462657308133;0,21086178972997624
73,2;0,4085715632933249;0,2635772371624703;0,27393700336618526;0,3109674614696348;0,25862462657308133;0,21086178972997624
73,3;0,4085715632933249;0,2635772371624703;0,27393700336618526;0,3109674614696348;0,25862462657308133;0,21086178972997624
73,4;0,4085715632933249;0,2635772371624703;0,27393700336618526;0,3109674614696348;0,25862462657308133;0,21086178972997624
73,5;0,4085715632933249;0,2635772371624703;0,27393700336618526;0,3109674614696348;0,25862462657308133;0,21086178972997624
73,60000000000001;0,4085715632933249;0,2635772371624703;0,27393700336618526;0,3109674614696348;0,25862462657308133;0,21086178972997624
73,7;0,4085715632933249;0,2635772371624703;0,27393700336618526;0,3109674614696348;0,25862462657308133;0,21086178972997624
73,8;0,4085715632933249;0,2635772371624703;0,27393700336618526;0,3109674614696348;0,25862462657308133;0,21086178972997624
73,9;0,4085715632933249;0,2635772371624703;0,27393700336618526;0,3109674614696348;0,25862462657308133;0,21086178972997624
74,0;0,4085715632933249;0,2635772371624703;0,27393700336618526;0,3109674614696348;0,25862462657308133;0,21086178972997624
74,10000000000001;0,4085715632933249;0,2635772371624703;0,27393700336618526;0,3109674614696348;0,25862462657308133;0,21086178972997624
74,2;0,4085715632933249;0,2635772371624703;0,27393700336618526;0,3109674614696348;0,25862462657308133;0,21086178972997624
74,3;0,4085715632933249;0,2635772371624703;0,27393700336618526;0,3109674614696348;0,25862462657308133;0,21086178972997624
74,4;0,4085715632933249;0,2635772371624703;0,27393700336618526;0,3109674614696348;0,25862462657308133;0,21086178972997624
74,5;0,4085715632933249;0,2635772371624703;0,27393700336618526;0,3109674614696348;0,25862462657308133;0,21086178972997624
74,60000000000001;0,4085715632933249;0,2635772371624703;0,27393700336618526;0,3109674614696348;0,25862462657308133;0,21086178972997624
74,7;0,4085715632933249;0,2635772371624703;0,27393700336618526;0,3109674614696348;0,25862462657308133;0,21086178972997624
74,8;0,4085715632933249;0,2635772371624703;0,27393700336618526;0,3109674614696348;0,25862462657308133;0,21086178972997624
74,9;0,4085715632933249;0,2635772371624703;0,27393700336618526;0,3109674614696348;0,25862462657308133;0,21086178972997624
75,0;0,4085715632933249;0,2635772371624703;0,27393700336618526;0,3109674614696348;0,25862462657308133;0,21086178972997624
75,10000000000001;0,4085715632933249;0,2635772371624703;0,27393700336618526;0,3109674614696348;0,25862462657308133;0,21086178972997624
75,2;0,4085715632933249;0,2635772371624703;0,27393700336618526;0,3109674614696348;0,25862462657308133;0,21086178972997624
75,3;0,4085715632933249;0,2635772371624703;0,27393700336618526;0,3109674614696348;0,25862462657308133;0,21086178972997624
75,4;0,4085715632933249;0,2635772371624703;0,27393700336618526;0,3109674614696348;0,25862462657308133;0,21086178972997624
75,5;0,4085715632933249;0,2635772371624703;0,27393700336618526;0,3109674614696348;0,25862462657308133;0,21086178972997624
75,60000000000001;0,4085715632933249;0,2635772371624703;0,27393700336618526;0,3109674614696348;0,25862462657308133;0,21086178972997624
75,7;0,4085715632933249;0,2635772371624703;0,27393700336618526;0,3109674614696348;0,25862462657308133;0,21086178972997624
75,8;0,4085715632933249;0,2635772371624703;0,27393700336618526;0,3109674614696348;0,25862462657308133;0,21086178972997624
75,9;0,4085715632933249;0,2635772371624703;0,27393700336618526;0,3109674614696348;0,25862462657308133;0,21086178972997624
76,0;0,4085715632933249;0,2635772371624703;0,27393700336618526;0,3109674614696348;0,25862462657308133;0,21086178972997624
76,10000000000001;0,4085715632933249;0,2635772371624703;0,27393700336618526;0,3109674614696348;0,25862462657308133;0,21086178972997624
76,2;0,4085715632933249;0,2635772371624703;0,27393700336618526;0,3109674614696348;0,25862462657308133;0,21086178972997624
76,3;0,4085715632933249;0,2635772371624703;0,27393700336618526;0,3109674614696348;0,25862462657308133;0,21086178972997624
76,4;0,4085715632933249;0,2635772371624703;0,27393700336618526;0,3109674614696348;0,25862462657308133;0,21086178972997624
76,5;0,4085715632933249;0,2635772371624703;0,27393700336618526;0,3109674614696348;0,25862462657308133;0,21086178972997624
76,60000000000001;0,4085715632933249;0,2635772371624703;0,27393700336618526;0,3109674614696348;0,25862462657308133;0,21086178972997624
76,7;0,4085715632933249;0,2635772371624703;0,27393700336618526;0,3109674614696348;0,25862462657308133;0,21086178972997624
76,80000000000001;0,4085715632933249;0,2635772371624703;0,27393700336618526;0,3109674614696348;0,25862462657308133;0,21086178972997624
76,9;0,4085715632933249;0,2635772371624703;0,27393700336618526;0,3109674614696348;0,25862462657308133;0,21086178972997624
77,0;0,4085715632933249;0,2635772371624703;0,27393700336618526;0,3109674614696348;0,25862462657308133;0,21086178972997624
77,10000000000001;0,4085715632933249;0,2635772371624703;0,27393700336618526;0,3109674614696348;0,25862462657308133;0,21086178972997624
77,2;0,4085715632933249;0,2635772371624703;0,27393700336618526;0,3109674614696348;0,25862462657308133;0,21086178972997624
77,30000000000001;0,4085715632933249;0,2635772371624703;0,27393700336618526;0,3109674614696348;0,25862462657308133;0,21086178972997624
77,4;0,4085715632933249;0,2635772371624703;0,27393700336618526;0,3109674614696348;0,25862462657308133;0,21086178972997624
77,5;0,4085715632933249;0,2635772371624703;0,27393700336618526;0,3109674614696348;0,25862462657308133;0,21086178972997624
77,60000000000001;0,4085715632933249;0,2635772371624703;0,27393700336618526;0,3109674614696348;0,25862462657308133;0,21086178972997624
77,7;0,4085715632933249;0,2635772371624703;0,27393700336618526;0,3109674614696348;0,25862462657308133;0,21086178972997624
77,80000000000001;0,4085715632933249;0,2635772371624703;0,27393700336618526;0,3109674614696348;0,25862462657308133;0,21086178972997624
77,9;0,4085715632933249;0,2635772371624703;0,27393700336618526;0,3109674614696348;0,25862462657308133;0,21086178972997624
78,0;0,4085715632933249;0,2635772371624703;0,27393700336618526;0,3109674614696348;0,25862462657308133;0,21086178972997624
78,10000000000001;0,4085715632933249;0,2635772371624703;0,27393700336618526;0,3109674614696348;0,25862462657308133;0,21086178972997624
78,2;0,4085715632933249;0,2635772371624703;0,27393700336618526;0,3109674614696348;0,25862462657308133;0,21086178972997624
78,30000000000001;0,4085715632933249;0,2635772371624703;0,27393700336618526;0,3109674614696348;0,25862462657308133;0,21086178972997624
78,4;0,4085715632933249;0,2635772371624703;0,27393700336618526;0,3109674614696348;0,25862462657308133;0,21086178972997624
78,5;0,4085715632933249;0,2635772371624703;0,27393700336618526;0,3109674614696348;0,25862462657308133;0,21086178972997624
78,60000000000001;0,4085715632933249;0,2635772371624703;0,27393700336618526;0,3109674614696348;0,25862462657308133;0,21086178972997624
78,7;0,4085715632933249;0,2635772371624703;0,27393700336618526;0,3109674614696348;0,25862462657308133;0,21086178972997624
78,80000000000001;0,4085715632933249;0,2635772371624703;0,27393700336618526;0,3109674614696348;0,25862462657308133;0,21086178972997624
78,9;0,4085715632933249;0,2635772371624703;0,27393700336618526;0,3109674614696348;0,25862462657308133;0,21086178972997624
79,0;0,4085715632933249;0,2635772371624703;0,27393700336618526;0,3109674614696348;0,25862462657308133;0,21086178972997624
79,10000000000001;0,4085715632933249;0,2635772371624703;0,27393700336618526;0,3109674614696348;0,25862462657308133;0,21086178972997624
79,2;0,4085715632933249;0,2635772371624703;0,27393700336618526;0,3109674614696348;0,25862462657308133;0,21086178972997624
79,30000000000001;0,4085715632933249;0,2635772371624703;0,27393700336618526;0,3109674614696348;0,25862462657308133;0,21086178972997624
79,4;0,4085715632933249;0,2635772371624703;0,27393700336618526;0,3109674614696348;0,25862462657308133;0,21086178972997624
79,5;0,4085715632933249;0,2635772371624703;0,27393700336618526;0,3109674614696348;0,25862462657308133;0,21086178972997624
79,60000000000001;0,4085715632933249;0,2635772371624703;0,27393700336618526;0,3109674614696348;0,25862462657308133;0,21086178972997624
79,7;0,4085715632933249;0,2635772371624703;0,27393700336618526;0,3109674614696348;0,25862462657308133;0,21086178972997624
79,80000000000001;0,4085715632933249;0,2635772371624703;0,27393700336618526;0,3109674614696348;0,25862462657308133;0,21086178972997624
79,9;0,4085715632933249;0,2635772371624703;0,27393700336618526;0,3109674614696348;0,25862462657308133;0,21086178972997624
80,0;0,4085715632933249;0,2635772371624703;0,27393700336618526;0,3109674614696348;0,25862462657308133;0,21086178972997624
80,10000000000001;0,4085715632933249;0,2635772371624703;0,27393700336618526;0,3109674614696348;0,25862462657308133;0,21086178972997624
80,2;0,4085715632933249;0,2635772371624703;0,27393700336618526;0,3109674614696348;0,25862462657308133;0,21086178972997624
80,30000000000001;0,4085715632933249;0,2635772371624703;0,27393700336618526;0,3109674614696348;0,25862462657308133;0,21086178972997624
80,4;0,4085715632933249;0,2635772371624703;0,27393700336618526;0,3109674614696348;0,25862462657308133;0,21086178972997624
80,5;0,4085715632933249;0,2635772371624703;0,27393700336618526;0,3109674614696348;0,25862462657308133;0,21086178972997624
80,60000000000001;0,4085715632933249;0,2635772371624703;0,27393700336618526;0,3109674614696348;0,25862462657308133;0,21086178972997624
80,7;0,4085715632933249;0,2635772371624703;0,27393700336618526;0,3109674614696348;0,25862462657308133;0,21086178972997624
80,80000000000001;0,4085715632933249;0,2635772371624703;0,27393700336618526;0,3109674614696348;0,25862462657308133;0,21086178972997624
80,9;0,4085715632933249;0,2635772371624703;0,27393700336618526;0,3109674614696348;0,25862462657308133;0,21086178972997624
81,0;0,4085715632933249;0,2635772371624703;0,27393700336618526;0,3109674614696348;0,25862462657308133;0,21086178972997624
81,10000000000001;0,4085715632933249;0,2635772371624703;0,27393700336618526;0,3109674614696348;0,25862462657308133;0,21086178972997624
81,2;0,4085715632933249;0,2635772371624703;0,27393700336618526;0,3109674614696348;0,25862462657308133;0,21086178972997624
81,30000000000001;0,4085715632933249;0,2635772371624703;0,27393700336618526;0,3109674614696348;0,25862462657308133;0,21086178972997624
81,4;0,4085715632933249;0,2635772371624703;0,27393700336618526;0,3109674614696348;0,25862462657308133;0,21086178972997624
81,5;0,4085715632933249;0,2635772371624703;0,27393700336618526;0,3109674614696348;0,25862462657308133;0,21086178972997624
81,60000000000001;0,4085715632933249;0,2635772371624703;0,27393700336618526;0,3109674614696348;0,25862462657308133;0,21086178972997624
81,7;0,4085715632933249;0,2635772371624703;0,27393700336618526;0,3109674614696348;0,25862462657308133;0,21086178972997624
81,80000000000001;0,4085715632933249;0,2635772371624703;0,27393700336618526;0,3109674614696348;0,25862462657308133;0,21086178972997624
81,9;0,4085715632933249;0,2635772371624703;0,27393700336618526;0,3109674614696348;0,25862462657308133;0,21086178972997624
82,0;0,4085715632933249;0,2635772371624703;0,27393700336618526;0,3109674614696348;0,25862462657308133;0,21086178972997624
82,10000000000001;0,4085715632933249;0,2635772371624703;0,27393700336618526;0,3109674614696348;0,25862462657308133;0,21086178972997624
82,2;0,4085715632933249;0,2635772371624703;0,27393700336618526;0,3109674614696348;0,25862462657308133;0,21086178972997624
82,30000000000001;0,4085715632933249;0,2635772371624703;0,27393700336618526;0,3109674614696348;0,25862462657308133;0,21086178972997624
82,4;0,4085715632933249;0,2635772371624703;0,27393700336618526;0,3109674614696348;0,25862462657308133;0,21086178972997624
82,5;0,4085715632933249;0,2635772371624703;0,27393700336618526;0,3109674614696348;0,25862462657308133;0,21086178972997624
82,60000000000001;0,4085715632933249;0,2635772371624703;0,27393700336618526;0,3109674614696348;0,25862462657308133;0,21086178972997624
82,7;0,4085715632933249;0,2635772371624703;0,27393700336618526;0,3109674614696348;0,25862462657308133;0,21086178972997624
82,80000000000001;0,4085715632933249;0,2635772371624703;0,27393700336618526;0,3109674614696348;0,25862462657308133;0,21086178972997624
82,9;0,4085715632933249;0,2635772371624703;0,27393700336618526;0,3109674614696348;0,25862462657308133;0,21086178972997624
83,0;0,4085715632933249;0,2635772371624703;0,27393700336618526;0,3109674614696348;0,25862462657308133;0,21086178972997624
83,10000000000001;0,4085715632933249;0,2635772371624703;0,27393700336618526;0,3109674614696348;0,25862462657308133;0,21086178972997624
83,2;0,4085715632933249;0,2635772371624703;0,27393700336618526;0,3109674614696348;0,25862462657308133;0,21086178972997624
83,30000000000001;0,4085715632933249;0,2635772371624703;0,27393700336618526;0,3109674614696348;0,25862462657308133;0,21086178972997624
83,4;0,4085715632933249;0,2635772371624703;0,27393700336618526;0,3109674614696348;0,25862462657308133;0,21086178972997624
83,5;0,4085715632933249;0,2635772371624703;0,27393700336618526;0,3109674614696348;0,25862462657308133;0,21086178972997624
83,60000000000001;0,4085715632933249;0,2635772371624703;0,27393700336618526;0,3109674614696348;0,25862462657308133;0,21086178972997624
83,7;0,4085715632933249;0,2635772371624703;0,27393700336618526;0,3109674614696348;0,25862462657308133;0,21086178972997624
83,80000000000001;0,4085715632933249;0,2635772371624703;0,27393700336618526;0,3109674614696348;0,25862462657308133;0,21086178972997624
83,9;0,4085715632933249;0,2635772371624703;0,27393700336618526;0,3109674614696348;0,25862462657308133;0,21086178972997624
84,0;0,4085715632933249;0,2635772371624703;0,27393700336618526;0,3109674614696348;0,25862462657308133;0,21086178972997624
84,10000000000001;0,4085715632933249;0,2635772371624703;0,27393700336618526;0,3109674614696348;0,25862462657308133;0,21086178972997624
84,2;0,4085715632933249;0,2635772371624703;0,27393700336618526;0,3109674614696348;0,25862462657308133;0,21086178972997624
84,30000000000001;0,4085715632933249;0,2635772371624703;0,27393700336618526;0,3109674614696348;0,25862462657308133;0,21086178972997624
84,4;0,4085715632933249;0,2635772371624703;0,27393700336618526;0,3109674614696348;0,25862462657308133;0,21086178972997624
84,5;0,4085715632933249;0,2635772371624703;0,27393700336618526;0,3109674614696348;0,25862462657308133;0,21086178972997624
84,60000000000001;0,4085715632933249;0,2635772371624703;0,27393700336618526;0,3109674614696348;0,25862462657308133;0,21086178972997624
84,7;0,4085715632933249;0,2635772371624703;0,27393700336618526;0,3109674614696348;0,25862462657308133;0,21086178972997624
84,80000000000001;0,4085715632933249;0,2635772371624703;0,27393700336618526;0,3109674614696348;0,25862462657308133;0,21086178972997624
84,9;0,4085715632933249;0,2635772371624703;0,27393700336618526;0,3109674614696348;0,25862462657308133;0,21086178972997624
85,0;0,4085715632933249;0,2635772371624703;0,27393700336618526;0,3109674614696348;0,25862462657308133;0,21086178972997624
85,10000000000001;;;;;;
85,2;;;;;;
85,30000000000001;;;;;;
85,4;;;;;;
85,5;;;;;;
85,60000000000001;;;;;;
85,7;;;;;;
85,80000000000001;;;;;;
85,9;;;;;;
86,0;;;;;;
86,10000000000001;;;;;;
86,2;;;;;;
86,30000000000001;;;;;;
86,4;;;;;;
86,5;;;;;;
86,60000000000001;;;;;;
86,7;;;;;;
86,80000000000001;;;;;;
86,9;;;;;;
87,0;;;;;;
87,10000000000001;;;;;;
87,2;;;;;;
87,30000000000001;;;;;;
87,4;;;;;;
87,5;;;;;;
87,60000000000001;;;;;;
87,7;;;;;;
87,80000000000001;;;;;;
87,9;;;;;;
88,0;;;;;;
88,10000000000001;;;;;;
88,2;;;;;;
88,30000000000001;;;;;;
88,4;;;;;;
88,5;;;;;;
88,60000000000001;;;;;;
88,7;;;;;;
88,80000000000001;;;;;;
88,9;;;;;;
89,0;;;;;;
89,10000000000001;;;;;;
89,2;;;;;;
89,30000000000001;;;;;;
89,4;;;;;;
89,5;;;;;;
89,60000000000001;;;;;;
89,7;;;;;;
89,80000000000001;;;;;;
89,9;;;;;;
90,0;;;;;;
