Umlauf_ID;Name;Uhrzeit;Richtung;Type
1;Groß-Gerau Kreisklinik,1;05:30:00;2;W
1;Groß-Gerau, Landratsamt,31;05:31:00;2;W
1;Groß-Gerau, Europaring,20;05:32:00;2;W
1;Groß-Gerau AOK/Post,2;05:34:00;2;W
1;Groß-Gerau Marktplatz,2;05:36:00;2;W
1;Groß-Gerau Berufsschule,2;05:38:00;2;W
1;Dornberg Bahnhof Ostseite,1;05:41:00;2;W
1;Büttelborn Volkshaus,2;05:46:00;2;W
1;Weiterstadt Hallenbad,1;05:56:00;2;W
1;Weiterstadt W.-Leuschner-Platz,2;05:58:00;2;W
1;Wst. Sudetenstraße,2;06:02:00;2;W
1;Riedbahn R.-Diesel-Straße/BTZ,2;06:05:00;2;W
1;Riedb. Einkaufsz.,1;06:07:00;2;W
1;Riedbahn Wiesenstraße,2;06:11:00;2;W
1;Darmstadt Bunsenstraße,2;06:12:00;2;W
1;Darmstadt Windmühle,1;06:14:00;2;W
1;Darmstadt Hauptbahnhof,12;06:20:00;2;W
1;Darmstadt Hauptbahnhof,12;06:34:00;1;W
1;Darmstadt Windmühle,2;06:39:00;1;W
1;Darmstadt Bunsenstraße,1;06:41:00;1;W
1;Riedbahn Sandstraße,1;06:42:00;1;W
1;Riedbahn Dr.-Otto-Röhm-Straße,1;06:46:00;1;W
1;Riedbahn R.-Diesel-Straße/BTZ,1;06:48:00;1;W
1;Wst. Sudetenstraße,1;06:51:00;1;W
1;Weiterstadt W.-Leuschner-Platz,1;06:54:00;1;W
1;Weiterstadt Hallenbad,1;06:56:00;1;W
1;Büttelborn Volkshaus,1;07:06:00;1;W
1;Dornberg Bahnhof Ostseite,2;07:12:00;1;W
1;Groß-Gerau Berufsschule,1;07:15:00;1;W
1;Groß-Gerau Prälat-Diehl-Schule,1;07:17:00;1;W
1;Groß-Gerau Marktplatz,1;07:20:00;1;W
1;Groß-Gerau AOK/Post,1;07:22:00;1;W
1;Groß-Gerau, Europaring,21;07:24:00;1;W
1;Groß-Gerau, Landratsamt,32;07:25:00;1;W
1;Groß-Gerau Kreisklinik,1;07:26:00;1;W
1;Groß-Gerau Kreisklinik,1;07:30:00;2;W
1;Groß-Gerau, Landratsamt,31;07:31:00;2;W
1;Groß-Gerau, Europaring,20;07:32:00;2;W
1;Groß-Gerau AOK/Post,2;07:34:00;2;W
1;Groß-Gerau Marktplatz,2;07:36:00;2;W
1;Groß-Gerau Berufsschule,2;07:38:00;2;W
1;Dornberg Bahnhof Ostseite,1;07:41:00;2;W
1;Büttelborn Volkshaus,2;07:46:00;2;W
1;Weiterstadt Hallenbad,1;07:56:00;2;W
1;Weiterstadt W.-Leuschner-Platz,2;07:58:00;2;W
1;Wst. Sudetenstraße,2;08:02:00;2;W
1;Riedbahn R.-Diesel-Straße/BTZ,2;08:05:00;2;W
1;Riedb. Einkaufsz.,1;08:07:00;2;W
1;Riedbahn Wiesenstraße,2;08:11:00;2;W
1;Darmstadt Bunsenstraße,2;08:12:00;2;W
1;Darmstadt Windmühle,1;08:14:00;2;W
1;Darmstadt Hauptbahnhof,12;08:20:00;2;W
1;Darmstadt Hauptbahnhof,12;08:34:00;1;W
1;Darmstadt Windmühle,2;08:39:00;1;W
1;Darmstadt Bunsenstraße,1;08:41:00;1;W
1;Riedbahn Sandstraße,1;08:42:00;1;W
1;Riedbahn Dr.-Otto-Röhm-Straße,1;08:46:00;1;W
1;Riedbahn R.-Diesel-Straße/BTZ,1;08:48:00;1;W
1;Wst. Sudetenstraße,1;08:51:00;1;W
1;Weiterstadt W.-Leuschner-Platz,1;08:54:00;1;W
1;Weiterstadt Hallenbad,1;08:56:00;1;W
1;Büttelborn Volkshaus,1;09:06:00;1;W
1;Dornberg Bahnhof Ostseite,2;09:12:00;1;W
1;Groß-Gerau Berufsschule,1;09:15:00;1;W
2;Groß-Gerau Marktplatz,1;09:18:00;1;W
2;Groß-Gerau AOK/Post,1;09:20:00;1;W
2;Groß-Gerau, Europaring,21;09:22:00;1;W
2;Groß-Gerau, Landratsamt,32;09:23:00;1;W
2;Groß-Gerau Kreisklinik,1;09:24:00;1;W
2;Groß-Gerau Kreisklinik,1;09:30:00;2;W
2;Groß-Gerau, Landratsamt,31;09:31:00;2;W
2;Groß-Gerau, Europaring,20;09:32:00;2;W
2;Groß-Gerau AOK/Post,2;09:34:00;2;W
2;Groß-Gerau Marktplatz,2;09:36:00;2;W
2;Groß-Gerau Berufsschule,2;09:38:00;2;W
2;Dornberg Bahnhof Ostseite,1;09:41:00;2;W
2;Büttelborn Volkshaus,2;09:46:00;2;W
2;Weiterstadt Hallenbad,1;09:56:00;2;W
2;Weiterstadt W.-Leuschner-Platz,2;09:58:00;2;W
2;Wst. Sudetenstraße,2;10:02:00;2;W
2;Riedbahn R.-Diesel-Straße/BTZ,2;10:05:00;2;W
2;Riedb. Einkaufsz.,1;10:07:00;2;W
2;Riedbahn Wiesenstraße,2;10:11:00;2;W
2;Darmstadt Bunsenstraße,2;10:12:00;2;W
2;Darmstadt Windmühle,1;10:14:00;2;W
2;Darmstadt Hauptbahnhof,12;10:20:00;2;W
2;Darmstadt Hauptbahnhof,12;10:34:00;1;W
2;Darmstadt Windmühle,2;10:39:00;1;W
2;Darmstadt Bunsenstraße,1;10:41:00;1;W
2;Riedbahn Sandstraße,1;10:42:00;1;W
2;Riedbahn Dr.-Otto-Röhm-Straße,1;10:46:00;1;W
2;Riedbahn R.-Diesel-Straße/BTZ,1;10:48:00;1;W
2;Wst. Sudetenstraße,1;10:51:00;1;W
2;Weiterstadt W.-Leuschner-Platz,1;10:54:00;1;W
2;Weiterstadt Hallenbad,1;10:56:00;1;W
2;Büttelborn Volkshaus,1;11:06:00;1;W
2;Dornberg Bahnhof Ostseite,2;11:12:00;1;W
2;Groß-Gerau Berufsschule,1;11:15:00;1;W
3;Groß-Gerau Marktplatz,1;11:18:00;1;W
3;Groß-Gerau AOK/Post,1;11:20:00;1;W
3;Groß-Gerau, Europaring,21;11:22:00;1;W
3;Groß-Gerau, Landratsamt,32;11:23:00;1;W
3;Groß-Gerau Kreisklinik,1;11:24:00;1;W
3;Groß-Gerau Kreisklinik,1;11:30:00;2;W
3;Groß-Gerau, Landratsamt,31;11:31:00;2;W
3;Groß-Gerau, Europaring,20;11:32:00;2;W
3;Groß-Gerau AOK/Post,2;11:34:00;2;W
3;Groß-Gerau Marktplatz,2;11:36:00;2;W
3;Groß-Gerau Berufsschule,2;11:38:00;2;W
3;Dornberg Bahnhof Ostseite,1;11:41:00;2;W
3;Büttelborn Volkshaus,2;11:46:00;2;W
3;Weiterstadt Hallenbad,1;11:56:00;2;W
3;Weiterstadt W.-Leuschner-Platz,2;11:58:00;2;W
3;Wst. Sudetenstraße,2;12:02:00;2;W
3;Riedbahn R.-Diesel-Straße/BTZ,2;12:05:00;2;W
3;Riedb. Einkaufsz.,1;12:07:00;2;W
3;Riedbahn Wiesenstraße,2;12:11:00;2;W
3;Darmstadt Bunsenstraße,2;12:12:00;2;W
3;Darmstadt Windmühle,1;12:14:00;2;W
3;Darmstadt Hauptbahnhof,12;12:20:00;2;W
3;Darmstadt Hauptbahnhof,12;12:34:00;1;W
3;Darmstadt Windmühle,2;12:39:00;1;W
3;Darmstadt Bunsenstraße,1;12:41:00;1;W
3;Riedbahn Sandstraße,1;12:42:00;1;W
3;Riedbahn Dr.-Otto-Röhm-Straße,1;12:46:00;1;W
3;Riedbahn R.-Diesel-Straße/BTZ,1;12:48:00;1;W
3;Wst. Sudetenstraße,1;12:51:00;1;W
3;Weiterstadt W.-Leuschner-Platz,1;12:54:00;1;W
3;Weiterstadt Hallenbad,1;12:56:00;1;W
3;Büttelborn Volkshaus,1;13:06:00;1;W
3;Dornberg Bahnhof Ostseite,2;13:12:00;1;W
3;Groß-Gerau Berufsschule,1;13:15:00;1;W
4;Groß-Gerau Marktplatz,1;13:18:00;1;W
4;Groß-Gerau AOK/Post,1;13:20:00;1;W
4;Groß-Gerau, Europaring,21;13:22:00;1;W
4;Groß-Gerau, Landratsamt,32;13:23:00;1;W
4;Groß-Gerau Kreisklinik,1;13:24:00;1;W
4;Groß-Gerau Kreisklinik,1;13:30:00;2;W
4;Groß-Gerau, Landratsamt,31;13:31:00;2;W
4;Groß-Gerau, Europaring,20;13:32:00;2;W
4;Groß-Gerau AOK/Post,2;13:34:00;2;W
4;Groß-Gerau Marktplatz,2;13:36:00;2;W
4;Groß-Gerau Berufsschule,2;13:38:00;2;W
4;Dornberg Bahnhof Ostseite,1;13:41:00;2;W
4;Büttelborn Volkshaus,2;13:46:00;2;W
4;Weiterstadt Hallenbad,1;13:56:00;2;W
4;Weiterstadt W.-Leuschner-Platz,2;13:58:00;2;W
4;Wst. Sudetenstraße,2;14:02:00;2;W
4;Riedbahn R.-Diesel-Straße/BTZ,2;14:05:00;2;W
4;Riedb. Einkaufsz.,1;14:07:00;2;W
4;Riedbahn Wiesenstraße,2;14:11:00;2;W
4;Darmstadt Bunsenstraße,2;14:12:00;2;W
4;Darmstadt Windmühle,1;14:14:00;2;W
4;Darmstadt Hauptbahnhof,12;14:20:00;2;W
4;Darmstadt Hauptbahnhof,12;14:44:00;1;W
4;Darmstadt Windmühle,2;14:49:00;1;W
4;Darmstadt Bunsenstraße,1;14:51:00;1;W
4;Riedbahn Sandstraße,1;14:52:00;1;W
4;Riedbahn Dr.-Otto-Röhm-Straße,1;14:56:00;1;W
4;Riedbahn R.-Diesel-Straße/BTZ,1;14:58:00;1;W
4;Wst. Sudetenstraße,1;15:01:00;1;W
4;Weiterstadt W.-Leuschner-Platz,1;15:04:00;1;W
4;Weiterstadt Hallenbad,1;15:06:00;1;W
4;Büttelborn Volkshaus,1;15:16:00;1;W
4;Dornberg Bahnhof Ostseite,2;15:22:00;1;W
4;Groß-Gerau Berufsschule,1;15:25:00;1;W
5;Groß-Gerau Marktplatz,1;15:28:00;1;W
5;Groß-Gerau AOK/Post,1;15:30:00;1;W
5;Groß-Gerau, Europaring,21;15:32:00;1;W
5;Groß-Gerau, Landratsamt,32;15:33:00;1;W
5;Groß-Gerau Kreisklinik,1;15:34:00;1;W
5;Groß-Gerau Kreisklinik,1;15:34:00;2;W
5;Groß-Gerau, Landratsamt,31;15:35:00;2;W
5;Groß-Gerau, Europaring,20;15:36:00;2;W
5;Groß-Gerau AOK/Post,2;15:38:00;2;W
5;Groß-Gerau Marktplatz,2;15:40:00;2;W
5;Groß-Gerau Berufsschule,2;15:42:00;2;W
5;Dornberg Bahnhof Ostseite,1;15:45:00;2;W
5;Büttelborn Volkshaus,2;15:50:00;2;W
6;Weiterstadt W.-Leuschner-Platz,2;16:00:00;2;W
6;Wst. Sudetenstraße,2;16:04:00;2;W
6;Riedbahn R.-Diesel-Straße/BTZ,2;16:07:00;2;W
6;Riedb. Einkaufsz.,1;16:09:00;2;W
6;Riedbahn Wiesenstraße,2;16:13:00;2;W
6;Darmstadt Bunsenstraße,2;16:14:00;2;W
6;Darmstadt Windmühle,1;16:16:00;2;W
6;Darmstadt Hauptbahnhof,12;16:22:00;2;W
6;Darmstadt Hauptbahnhof,12;16:34:00;1;W
6;Darmstadt Windmühle,2;16:39:00;1;W
6;Darmstadt Bunsenstraße,1;16:41:00;1;W
6;Riedbahn Sandstraße,1;16:42:00;1;W
6;Riedbahn Dr.-Otto-Röhm-Straße,1;16:46:00;1;W
6;Riedbahn R.-Diesel-Straße/BTZ,1;16:48:00;1;W
6;Wst. Sudetenstraße,1;16:51:00;1;W
6;Weiterstadt W.-Leuschner-Platz,1;16:54:00;1;W
6;Weiterstadt Hallenbad,1;16:56:00;1;W
6;Büttelborn Volkshaus,1;17:06:00;1;W
6;Dornberg Bahnhof Ostseite,2;17:12:00;1;W
6;Groß-Gerau Berufsschule,1;17:15:00;1;W
7;Groß-Gerau Marktplatz,1;17:18:00;1;W
7;Groß-Gerau AOK/Post,1;17:20:00;1;W
7;Groß-Gerau, Europaring,21;17:22:00;1;W
7;Groß-Gerau, Landratsamt,32;17:23:00;1;W
7;Groß-Gerau Kreisklinik,1;17:24:00;1;W
7;Groß-Gerau Kreisklinik,1;17:30:00;2;W
7;Groß-Gerau, Landratsamt,31;17:31:00;2;W
7;Groß-Gerau, Europaring,20;17:32:00;2;W
7;Groß-Gerau AOK/Post,2;17:34:00;2;W
7;Groß-Gerau Marktplatz,2;17:36:00;2;W
7;Groß-Gerau Berufsschule,2;17:38:00;2;W
7;Dornberg Bahnhof Ostseite,1;17:41:00;2;W
7;Büttelborn Volkshaus,2;17:46:00;2;W
7;Weiterstadt Hallenbad,1;17:56:00;2;W
7;Weiterstadt W.-Leuschner-Platz,2;17:58:00;2;W
7;Wst. Sudetenstraße,2;18:02:00;2;W
7;Riedbahn R.-Diesel-Straße/BTZ,2;18:05:00;2;W
7;Riedb. Einkaufsz.,1;18:07:00;2;W
7;Riedbahn Wiesenstraße,2;18:11:00;2;W
7;Darmstadt Bunsenstraße,2;18:12:00;2;W
7;Darmstadt Windmühle,1;18:14:00;2;W
7;Darmstadt Hauptbahnhof,12;18:20:00;2;W
