Typ;Name;Latitude;Longitude;Tempolimit;Details
Haltestelle;Jagdschloß;49.8988784;8.6937914;;Bus Stop
Haltestelle;Kesselhutweg;49.89586;8.6856115;;Bus Stop
Haltestelle;Jagdschloß;49.8989239;8.6937673;;Bus Stop
Haltestelle;Kreuzkirche;49.9057128;8.6609494;;Bus Stop
Haltestelle;Stadtteilschule Arheilgen;49.9031277;8.6630353;;Bus Stop
Haltestelle;Thomas-Mann-Platz;49.9033189;8.6604405;;Bus Stop
Haltestelle;Am Mörsbach;49.9405013;8.7439463;;Bus Stop
Haltestelle;Rathaus;49.9368345;8.7440642;;Bus Stop
Haltestelle;Sudetenstraße;49.9310969;8.7435204;;Bus Stop
Haltestelle;Am Mörsbach;49.9405836;8.7438993;;Bus Stop
Haltestelle;Fuchsstraße;49.9061792;8.6568858;;Bus Stop
Haltestelle;Rathaus;49.9368052;8.7441507;;Bus Stop
Haltestelle;Sudetenstraße;49.9311057;8.7436275;;Bus Stop
Haltestelle;Sudetenstraße;49.9312425;8.7435857;;Bus Stop
Haltestelle;Jagdschloß;49.8989448;8.6938687;;Bus Stop
Haltestelle;Siemensstraße;49.8963681;8.6801313;;Bus Stop
Routenpunkt (Way);Kranichsteiner Straße;49.896073;8.687918;;Original OSM
Routenpunkt (Way);Kranichsteiner Straße;49.89606353333333;8.687775566666666;;Interpoliert
Routenpunkt (Way);Kranichsteiner Straße;49.89605406666667;8.687633133333334;;Interpoliert
Routenpunkt (Way);Kranichsteiner Straße;49.8960446;8.6874907;;Original OSM
Routenpunkt (Way);Kranichsteiner Straße;49.89603125;8.687312366666667;;Interpoliert
Routenpunkt (Way);Kranichsteiner Straße;49.896017900000004;8.687134033333333;;Interpoliert
Routenpunkt (Way);Kranichsteiner Straße;49.89600455;8.686955699999999;;Interpoliert
Routenpunkt (Way);Kranichsteiner Straße;49.8959912;8.686777366666666;;Interpoliert
Routenpunkt (Way);Kranichsteiner Straße;49.89597785;8.686599033333334;;Interpoliert
Routenpunkt (Way);Kranichsteiner Straße;49.8959645;8.6864207;;Original OSM
Routenpunkt (Way);Kranichsteiner Straße;49.8959573;8.6863579;;Original OSM
Routenpunkt (Way);Kranichsteiner Straße;49.8959403;8.6861816;;Original OSM
Routenpunkt (Way);Sudetenstraße;49.9309189;8.7436482;30;Original OSM
Routenpunkt (Way);Sudetenstraße;49.9310078;8.7436567;30;Original OSM
Routenpunkt (Way);Sudetenstraße;49.9311057;8.7436275;30;Original OSM
Routenpunkt (Way);Sudetenstraße;49.93117410000001;8.7436066;30;Interpoliert
Routenpunkt (Way);Sudetenstraße;49.9312425;8.7435857;30;Original OSM
Routenpunkt (Way);Sudetenstraße;49.931359400000005;8.74355764;30;Interpoliert
Routenpunkt (Way);Sudetenstraße;49.9314763;8.74352958;30;Interpoliert
Routenpunkt (Way);Sudetenstraße;49.9315932;8.74350152;30;Interpoliert
Routenpunkt (Way);Sudetenstraße;49.9317101;8.74347346;30;Interpoliert
Routenpunkt (Way);Sudetenstraße;49.931827;8.7434454;30;Original OSM
Routenpunkt (Way);Sudetenstraße;49.9318327;8.7434442;30;Original OSM
Routenpunkt (Way);Sudetenstraße;49.9318646;8.7434372;30;Original OSM
Routenpunkt (Way);Sudetenstraße;49.9319923;8.7434091;30;Original OSM
Routenpunkt (Way);Sudetenstraße;49.9320437;8.7433978;30;Original OSM
Routenpunkt (Way);Sudetenstraße;49.9321303;8.7433761;30;Original OSM
Routenpunkt (Way);Sudetenstraße;49.93223783333333;8.743346500000001;30;Interpoliert
Routenpunkt (Way);Sudetenstraße;49.93234536666667;8.7433169;30;Interpoliert
Routenpunkt (Way);Sudetenstraße;49.9324529;8.7432873;30;Original OSM
Routenpunkt (Way);Sudetenstraße;49.9325439;8.743266466666666;30;Interpoliert
Routenpunkt (Way);Sudetenstraße;49.932634900000004;8.743245633333334;30;Interpoliert
Routenpunkt (Way);Sudetenstraße;49.9327259;8.7432248;30;Original OSM
Routenpunkt (Way);Sudetenstraße;49.932847960000004;8.7432064;30;Interpoliert
Routenpunkt (Way);Sudetenstraße;49.93297002;8.743188;30;Interpoliert
Routenpunkt (Way);Sudetenstraße;49.93309208;8.7431696;30;Interpoliert
Routenpunkt (Way);Sudetenstraße;49.93321414;8.7431512;30;Interpoliert
Routenpunkt (Way);Sudetenstraße;49.9333362;8.7431328;30;Original OSM
Routenpunkt (Way);Sudetenstraße;49.93345868;8.74311876;30;Interpoliert
Routenpunkt (Way);Sudetenstraße;49.93358116;8.74310472;30;Interpoliert
Routenpunkt (Way);Sudetenstraße;49.93370364;8.74309068;30;Interpoliert
Routenpunkt (Way);Sudetenstraße;49.93382612;8.74307664;30;Interpoliert
Routenpunkt (Way);Sudetenstraße;49.9339486;8.7430626;30;Original OSM
Routenpunkt (Way);Sudetenstraße;49.93406115;8.743062;30;Interpoliert
Routenpunkt (Way);Sudetenstraße;49.9341737;8.7430614;30;Interpoliert
Routenpunkt (Way);Sudetenstraße;49.93428625;8.7430608;30;Interpoliert
Routenpunkt (Way);Sudetenstraße;49.9343988;8.7430602;30;Original OSM
Routenpunkt (Way);Sudetenstraße;49.93450955;8.74305925;30;Interpoliert
Routenpunkt (Way);Sudetenstraße;49.9346203;8.743058300000001;30;Interpoliert
Routenpunkt (Way);Sudetenstraße;49.934731049999996;8.74305735;30;Interpoliert
Routenpunkt (Way);Sudetenstraße;49.9348418;8.7430564;30;Original OSM
Routenpunkt (Way);Am Mörsbach;49.9389623;8.7460341;30;Original OSM
Routenpunkt (Way);Am Mörsbach;49.93908054;8.746051419999999;30;Interpoliert
Routenpunkt (Way);Am Mörsbach;49.93919878;8.74606874;30;Interpoliert
Routenpunkt (Way);Am Mörsbach;49.939317020000004;8.74608606;30;Interpoliert
Routenpunkt (Way);Am Mörsbach;49.93943526;8.746103380000001;30;Interpoliert
Routenpunkt (Way);Am Mörsbach;49.9395535;8.7461207;30;Original OSM
Routenpunkt (Way);Am Mörsbach;49.939660880000005;8.74613596;30;Interpoliert
Routenpunkt (Way);Am Mörsbach;49.93976826;8.74615122;30;Interpoliert
Routenpunkt (Way);Am Mörsbach;49.939875640000004;8.746166480000001;30;Interpoliert
Routenpunkt (Way);Am Mörsbach;49.93998302;8.74618174;30;Interpoliert
Routenpunkt (Way);Am Mörsbach;49.9400904;8.746197;30;Original OSM
Routenpunkt (Way);Am Mörsbach;49.94016845;8.74620995;30;Interpoliert
Routenpunkt (Way);Am Mörsbach;49.9402465;8.7462229;30;Original OSM
Routenpunkt (Way);Am Mörsbach;49.9402723;8.7460446;30;Original OSM
Routenpunkt (Way);Am Mörsbach;49.940293499999996;8.74585346;30;Interpoliert
Routenpunkt (Way);Am Mörsbach;49.940314699999995;8.74566232;30;Interpoliert
Routenpunkt (Way);Am Mörsbach;49.9403359;8.745471180000001;30;Interpoliert
Routenpunkt (Way);Am Mörsbach;49.9403571;8.74528004;30;Interpoliert
Routenpunkt (Way);Am Mörsbach;49.9403783;8.7450889;30;Original OSM
Routenpunkt (Way);Am Mörsbach;49.9403984;8.744885375;30;Interpoliert
Routenpunkt (Way);Am Mörsbach;49.9404185;8.74468185;30;Interpoliert
Routenpunkt (Way);Am Mörsbach;49.9404386;8.744478325;30;Interpoliert
Routenpunkt (Way);Am Mörsbach;49.9404587;8.7442748;30;Original OSM
Routenpunkt (Way);Am Mörsbach;49.94050033333333;8.744149633333333;30;Interpoliert
Routenpunkt (Way);Am Mörsbach;49.940541966666665;8.744024466666668;30;Interpoliert
Routenpunkt (Way);Am Mörsbach;49.9405836;8.7438993;30;Original OSM
Routenpunkt (Way);Im Kleepfad;49.9306463;8.7414478;30;Original OSM
Routenpunkt (Way);Im Kleepfad;49.9306792;8.7415473;30;Original OSM
Routenpunkt (Way);Im Kleepfad;49.9307022;8.7416515;30;Original OSM
Routenpunkt (Way);Im Kleepfad;49.9307164;8.7418021;30;Original OSM
Routenpunkt (Way);Im Kleepfad;49.9307252;8.7419002;30;Original OSM
Routenpunkt (Way);Im Kleepfad;49.93074;8.7420552;30;Interpoliert
Routenpunkt (Way);Im Kleepfad;49.9307548;8.7422102;30;Original OSM
Routenpunkt (Way);Im Kleepfad;49.93076615;8.74231825;30;Interpoliert
Routenpunkt (Way);Im Kleepfad;49.9307775;8.7424263;30;Original OSM
Routenpunkt (Way);Im Kleepfad;49.93079115;8.7425829;30;Interpoliert
Routenpunkt (Way);Im Kleepfad;49.9308048;8.7427395;30;Original OSM
Routenpunkt (Way);Im Kleepfad;49.930820266666665;8.7429168;30;Interpoliert
Routenpunkt (Way);Im Kleepfad;49.93083573333333;8.7430941;30;Interpoliert
Routenpunkt (Way);Im Kleepfad;49.9308512;8.7432714;30;Original OSM
Routenpunkt (Way);Im Kleepfad;49.9308637;8.74341445;30;Interpoliert
Routenpunkt (Way);Im Kleepfad;49.9308762;8.7435575;30;Original OSM
Routenpunkt (Way);Im Kleepfad;49.9309189;8.7436482;30;Original OSM
Routenpunkt (Way);Unbekannt;49.9282948;8.7414782;70;Original OSM
Routenpunkt (Way);Unbekannt;49.928373750000006;8.74138765;70;Interpoliert
Routenpunkt (Way);Unbekannt;49.9284527;8.7412971;70;Original OSM
Routenpunkt (Way);Unbekannt;49.928548400000004;8.7412054;70;Interpoliert
Routenpunkt (Way);Unbekannt;49.9286441;8.7411137;70;Interpoliert
Routenpunkt (Way);Unbekannt;49.9287398;8.741022;70;Original OSM
Routenpunkt (Way);Unbekannt;49.9288254;8.740923949999999;70;Interpoliert
Routenpunkt (Way);Unbekannt;49.928911;8.7408259;70;Interpoliert
Routenpunkt (Way);Unbekannt;49.928996600000005;8.74072785;70;Interpoliert
Routenpunkt (Way);Unbekannt;49.9290822;8.7406298;70;Original OSM
Routenpunkt (Way);Unbekannt;49.9291818;8.740489866666667;70;Interpoliert
Routenpunkt (Way);Unbekannt;49.9292814;8.740349933333333;70;Interpoliert
Routenpunkt (Way);Unbekannt;49.929381;8.74021;70;Original OSM
Routenpunkt (Way);Unbekannt;49.92945952;8.740090519999999;70;Interpoliert
Routenpunkt (Way);Unbekannt;49.92953804;8.739971039999999;70;Interpoliert
Routenpunkt (Way);Unbekannt;49.92961656;8.73985156;70;Interpoliert
Routenpunkt (Way);Unbekannt;49.929695079999995;8.73973208;70;Interpoliert
Routenpunkt (Way);Unbekannt;49.9297736;8.7396126;70;Original OSM
Routenpunkt (Way);Unbekannt;49.929853933333334;8.739473466666666;70;Interpoliert
Routenpunkt (Way);Unbekannt;49.92993426666666;8.739334333333332;70;Interpoliert
Routenpunkt (Way);Unbekannt;49.9300146;8.7391952;70;Interpoliert
Routenpunkt (Way);Unbekannt;49.930094933333336;8.739056066666667;70;Interpoliert
Routenpunkt (Way);Unbekannt;49.930175266666666;8.738916933333332;70;Interpoliert
Routenpunkt (Way);Unbekannt;49.9302556;8.7387778;70;Original OSM
Routenpunkt (Way);Unbekannt;49.93033091666667;8.73864025;70;Interpoliert
Routenpunkt (Way);Unbekannt;49.930406233333336;8.7385027;70;Interpoliert
Routenpunkt (Way);Unbekannt;49.930481549999996;8.73836515;70;Interpoliert
Routenpunkt (Way);Unbekannt;49.93055686666666;8.7382276;70;Interpoliert
Routenpunkt (Way);Unbekannt;49.93063218333333;8.73809005;70;Interpoliert
Routenpunkt (Way);Unbekannt;49.9307075;8.7379525;70;Original OSM
Routenpunkt (Way);Unbekannt;49.93078573333333;8.737796833333334;70;Interpoliert
Routenpunkt (Way);Unbekannt;49.930863966666664;8.737641166666666;70;Interpoliert
Routenpunkt (Way);Unbekannt;49.9309422;8.7374855;70;Interpoliert
Routenpunkt (Way);Unbekannt;49.93102043333333;8.737329833333334;70;Interpoliert
Routenpunkt (Way);Unbekannt;49.931098666666664;8.737174166666666;70;Interpoliert
Routenpunkt (Way);Unbekannt;49.9311769;8.7370185;70;Original OSM
Routenpunkt (Way);Unbekannt;49.93124902857143;8.736865642857142;70;Interpoliert
Routenpunkt (Way);Unbekannt;49.931321157142854;8.736712785714285;70;Interpoliert
Routenpunkt (Way);Unbekannt;49.931393285714286;8.736559928571427;70;Interpoliert
Routenpunkt (Way);Unbekannt;49.93146541428571;8.736407071428571;70;Interpoliert
Routenpunkt (Way);Unbekannt;49.93153754285714;8.736254214285713;70;Interpoliert
Routenpunkt (Way);Unbekannt;49.93160967142857;8.736101357142857;70;Interpoliert
Routenpunkt (Way);Unbekannt;49.9316818;8.7359485;70;Original OSM
Routenpunkt (Way);Unbekannt;49.93174845;8.73578306;70;Interpoliert
Routenpunkt (Way);Unbekannt;49.9318151;8.73561762;70;Interpoliert
Routenpunkt (Way);Unbekannt;49.93188175;8.73545218;70;Interpoliert
Routenpunkt (Way);Unbekannt;49.9319484;8.73528674;70;Interpoliert
Routenpunkt (Way);Unbekannt;49.932015050000004;8.7351213;70;Interpoliert
Routenpunkt (Way);Unbekannt;49.9320817;8.73495586;70;Interpoliert
Routenpunkt (Way);Unbekannt;49.93214835;8.73479042;70;Interpoliert
Routenpunkt (Way);Unbekannt;49.932215;8.73462498;70;Interpoliert
Routenpunkt (Way);Unbekannt;49.93228165;8.73445954;70;Interpoliert
Routenpunkt (Way);Unbekannt;49.9323483;8.7342941;70;Original OSM
Routenpunkt (Way);Unbekannt;49.9324126125;8.7341285125;70;Interpoliert
Routenpunkt (Way);Unbekannt;49.932476925;8.733962925;70;Interpoliert
Routenpunkt (Way);Unbekannt;49.932541237500004;8.7337973375;70;Interpoliert
Routenpunkt (Way);Unbekannt;49.932605550000005;8.73363175;70;Interpoliert
Routenpunkt (Way);Unbekannt;49.9326698625;8.7334661625;70;Interpoliert
Routenpunkt (Way);Unbekannt;49.932734175;8.733300575;70;Interpoliert
Routenpunkt (Way);Unbekannt;49.9327984875;8.7331349875;70;Interpoliert
Routenpunkt (Way);Unbekannt;49.9328628;8.7329694;70;Original OSM
Routenpunkt (Way);Unbekannt;49.93291815;8.7328015;70;Interpoliert
Routenpunkt (Way);Unbekannt;49.9329735;8.7326336;70;Interpoliert
Routenpunkt (Way);Unbekannt;49.93302885;8.732465699999999;70;Interpoliert
Routenpunkt (Way);Unbekannt;49.933084199999996;8.7322978;70;Interpoliert
Routenpunkt (Way);Unbekannt;49.93313955;8.7321299;70;Interpoliert
Routenpunkt (Way);Unbekannt;49.9331949;8.731962;70;Interpoliert
Routenpunkt (Way);Unbekannt;49.93325025;8.731794099999998;70;Interpoliert
Routenpunkt (Way);Unbekannt;49.9333056;8.7316262;70;Original OSM
Routenpunkt (Way);Maulbeerallee;49.8977834;8.6646202;30;Original OSM
Routenpunkt (Way);Maulbeerallee;49.8977706;8.66445115;30;Interpoliert
Routenpunkt (Way);Maulbeerallee;49.8977578;8.6642821;30;Original OSM
Routenpunkt (Way);Maulbeerallee;49.89774985;8.6640757;30;Interpoliert
Routenpunkt (Way);Maulbeerallee;49.8977419;8.6638693;30;Original OSM
Routenpunkt (Way);Maulbeerallee;49.8977363;8.663686225;30;Interpoliert
Routenpunkt (Way);Maulbeerallee;49.8977307;8.66350315;30;Interpoliert
Routenpunkt (Way);Maulbeerallee;49.8977251;8.663320075000001;30;Interpoliert
Routenpunkt (Way);Maulbeerallee;49.8977195;8.663137;30;Original OSM
Routenpunkt (Way);Maulbeerallee;49.89771778;8.6629438;30;Interpoliert
Routenpunkt (Way);Maulbeerallee;49.89771606;8.6627506;30;Interpoliert
Routenpunkt (Way);Maulbeerallee;49.89771434;8.6625574;30;Interpoliert
Routenpunkt (Way);Maulbeerallee;49.89771262;8.6623642;30;Interpoliert
Routenpunkt (Way);Maulbeerallee;49.8977109;8.662171;30;Original OSM
Routenpunkt (Way);Maulbeerallee;49.897720633333336;8.661999366666667;30;Interpoliert
Routenpunkt (Way);Maulbeerallee;49.897730366666664;8.661827733333334;30;Interpoliert
Routenpunkt (Way);Maulbeerallee;49.8977401;8.6616561;30;Original OSM
Routenpunkt (Way);Maulbeerallee;49.897751299999996;8.6615324;30;Interpoliert
Routenpunkt (Way);Maulbeerallee;49.8977625;8.6614087;30;Original OSM
Routenpunkt (Way);Maulbeerallee;49.8977791;8.661258733333334;30;Interpoliert
Routenpunkt (Way);Maulbeerallee;49.897795699999996;8.661108766666667;30;Interpoliert
Routenpunkt (Way);Maulbeerallee;49.8978123;8.6609588;30;Original OSM
Routenpunkt (Way);Maulbeerallee;49.8978274;8.660774799999999;30;Interpoliert
Routenpunkt (Way);Maulbeerallee;49.8978425;8.6605908;30;Original OSM
Routenpunkt (Way);Maulbeerallee;49.89784516666667;8.660444766666666;30;Interpoliert
Routenpunkt (Way);Maulbeerallee;49.89784783333333;8.660298733333333;30;Interpoliert
Routenpunkt (Way);Maulbeerallee;49.8978505;8.6601527;30;Original OSM
Routenpunkt (Way);Maulbeerallee;49.897848833333335;8.660005066666667;30;Interpoliert
Routenpunkt (Way);Maulbeerallee;49.897847166666665;8.659857433333332;30;Interpoliert
Routenpunkt (Way);Maulbeerallee;49.8978455;8.6597098;30;Original OSM
Routenpunkt (Way);Maulbeerallee;49.897839866666665;8.659514566666667;30;Interpoliert
Routenpunkt (Way);Maulbeerallee;49.897834233333334;8.659319333333332;30;Interpoliert
Routenpunkt (Way);Maulbeerallee;49.8978286;8.6591241;30;Original OSM
Routenpunkt (Way);Maulbeerallee;49.8978216;8.658947983333332;30;Interpoliert
Routenpunkt (Way);Maulbeerallee;49.8978146;8.658771866666667;30;Interpoliert
Routenpunkt (Way);Maulbeerallee;49.8978076;8.65859575;30;Interpoliert
Routenpunkt (Way);Maulbeerallee;49.897800600000004;8.658419633333333;30;Interpoliert
Routenpunkt (Way);Maulbeerallee;49.8977936;8.658243516666667;30;Interpoliert
Routenpunkt (Way);Maulbeerallee;49.8977866;8.6580674;30;Original OSM
Routenpunkt (Way);Maulbeerallee;49.897780680000004;8.657888;30;Interpoliert
Routenpunkt (Way);Maulbeerallee;49.897774760000004;8.6577086;30;Interpoliert
Routenpunkt (Way);Maulbeerallee;49.89776884;8.6575292;30;Interpoliert
Routenpunkt (Way);Maulbeerallee;49.89776292;8.6573498;30;Interpoliert
Routenpunkt (Way);Maulbeerallee;49.897757;8.6571704;30;Original OSM
Routenpunkt (Way);Maulbeerallee;49.89775138333333;8.656987316666667;30;Interpoliert
Routenpunkt (Way);Maulbeerallee;49.89774576666667;8.656804233333334;30;Interpoliert
Routenpunkt (Way);Maulbeerallee;49.897740150000004;8.65662115;30;Interpoliert
Routenpunkt (Way);Maulbeerallee;49.897734533333335;8.656438066666666;30;Interpoliert
Routenpunkt (Way);Maulbeerallee;49.897728916666665;8.656254983333334;30;Interpoliert
Routenpunkt (Way);Maulbeerallee;49.8977233;8.6560719;30;Original OSM
Routenpunkt (Way);Maulbeerallee;49.89771973333333;8.655929666666667;30;Interpoliert
Routenpunkt (Way);Maulbeerallee;49.89771616666667;8.655787433333334;30;Interpoliert
Routenpunkt (Way);Maulbeerallee;49.8977126;8.6556452;30;Original OSM
Routenpunkt (Way);Maulbeerallee;49.8977097;8.6555309;30;Original OSM
Routenpunkt (Way);Maulbeerallee;49.8977158;8.6554691;30;Original OSM
Routenpunkt (Way);Maulbeerallee;49.89772935;8.65533245;30;Interpoliert
Routenpunkt (Way);Maulbeerallee;49.8977429;8.6551958;30;Original OSM
Routenpunkt (Way);Maulbeerallee;49.8977834;8.6646202;30;Original OSM
Routenpunkt (Way);Maulbeerallee;49.897760500000004;8.6647564;30;Interpoliert
Routenpunkt (Way);Maulbeerallee;49.8977376;8.6648926;30;Original OSM
Routenpunkt (Way);Maulbeerallee;49.897749366666666;8.665054733333333;30;Interpoliert
Routenpunkt (Way);Maulbeerallee;49.89776113333333;8.665216866666666;30;Interpoliert
Routenpunkt (Way);Maulbeerallee;49.8977729;8.665379;30;Original OSM
Routenpunkt (Way);Maulbeerallee;49.8977699;8.6654036;30;Original OSM
Routenpunkt (Way);Maulbeerallee;49.8977565;8.6654996;30;Original OSM
Routenpunkt (Way);Maulbeerallee;49.8977523;8.66557;30;Original OSM
Routenpunkt (Way);Maulbeerallee;49.8977453;8.6656961;30;Original OSM
Routenpunkt (Way);Maulbeerallee;49.8977375;8.6658053;30;Original OSM
Routenpunkt (Way);Brüder-Grimm-Straße;49.9061022;8.6609069;30;Original OSM
Routenpunkt (Way);Brüder-Grimm-Straße;49.905977199999995;8.66092225;30;Interpoliert
Routenpunkt (Way);Brüder-Grimm-Straße;49.9058522;8.6609376;30;Original OSM
Routenpunkt (Way);Brüder-Grimm-Straße;49.9057825;8.6609435;30;Interpoliert
Routenpunkt (Way);Brüder-Grimm-Straße;49.9057128;8.6609494;30;Original OSM
Routenpunkt (Way);Brüder-Grimm-Straße;49.9056928;8.6609511;30;Original OSM
Routenpunkt (Way);Brüder-Grimm-Straße;49.9056034;8.6609555;30;Original OSM
Routenpunkt (Way);Brüder-Grimm-Straße;49.9054976;8.6609528;30;Interpoliert
Routenpunkt (Way);Brüder-Grimm-Straße;49.9053918;8.6609501;30;Interpoliert
Routenpunkt (Way);Brüder-Grimm-Straße;49.905286;8.6609474;30;Interpoliert
Routenpunkt (Way);Brüder-Grimm-Straße;49.9051802;8.6609447;30;Original OSM
Routenpunkt (Way);Brüder-Grimm-Straße;49.9051048;8.66094005;30;Interpoliert
Routenpunkt (Way);Brüder-Grimm-Straße;49.9050294;8.6609354;30;Original OSM
Routenpunkt (Way);Brüder-Grimm-Straße;49.904923399999994;8.660925933333333;30;Interpoliert
Routenpunkt (Way);Brüder-Grimm-Straße;49.9048174;8.660916466666666;30;Interpoliert
Routenpunkt (Way);Brüder-Grimm-Straße;49.9047114;8.660907;30;Original OSM
Routenpunkt (Way);Brüder-Grimm-Straße;49.9045816;8.660863166666667;30;Interpoliert
Routenpunkt (Way);Brüder-Grimm-Straße;49.9044518;8.660819333333333;30;Interpoliert
Routenpunkt (Way);Brüder-Grimm-Straße;49.904322;8.6607755;30;Original OSM
Routenpunkt (Way);Brüder-Grimm-Straße;49.9042079;8.660736633333332;30;Interpoliert
Routenpunkt (Way);Brüder-Grimm-Straße;49.9040938;8.660697766666667;30;Interpoliert
Routenpunkt (Way);Brüder-Grimm-Straße;49.9039797;8.6606589;30;Original OSM
Routenpunkt (Way);Brüder-Grimm-Straße;49.903865;8.660620633333332;30;Interpoliert
Routenpunkt (Way);Brüder-Grimm-Straße;49.9037503;8.660582366666667;30;Interpoliert
Routenpunkt (Way);Brüder-Grimm-Straße;49.9036356;8.6605441;30;Original OSM
Routenpunkt (Way);Brüder-Grimm-Straße;49.9035523;8.6605163;30;Interpoliert
Routenpunkt (Way);Brüder-Grimm-Straße;49.903469;8.6604885;30;Original OSM
Routenpunkt (Way);Brüder-Grimm-Straße;49.90339395;8.6604645;30;Interpoliert
Routenpunkt (Way);Brüder-Grimm-Straße;49.9033189;8.6604405;30;Original OSM
Routenpunkt (Way);Brüder-Grimm-Straße;49.90323565;8.660414150000001;30;Interpoliert
Routenpunkt (Way);Brüder-Grimm-Straße;49.9031524;8.6603878;30;Original OSM
Routenpunkt (Way);Hammelstrift;49.8974455;8.6667381;30;Original OSM
Routenpunkt (Way);Hammelstrift;49.8974448;8.6667803;30;Original OSM
Routenpunkt (Way);Hammelstrift;49.8974547;8.6668481;30;Original OSM
Routenpunkt (Way);Hammelstrift;49.8974941;8.6669289;30;Original OSM
Routenpunkt (Way);Hammelstrift;49.8975741;8.6670501;30;Original OSM
Routenpunkt (Way);Hammelstrift;49.89765065;8.667124650000002;30;Interpoliert
Routenpunkt (Way);Hammelstrift;49.8977272;8.6671992;30;Original OSM
Routenpunkt (Way);Hammelstrift;49.8978225;8.6673151;30;Original OSM
Routenpunkt (Way);Hammelstrift;49.89787655;8.6673914;30;Interpoliert
Routenpunkt (Way);Hammelstrift;49.8979306;8.6674677;30;Original OSM
Routenpunkt (Way);Hammelstrift;49.8979935;8.667545050000001;30;Interpoliert
Routenpunkt (Way);Hammelstrift;49.8980564;8.6676224;30;Original OSM
Routenpunkt (Way);Hammelstrift;49.89812355;8.66771385;30;Interpoliert
Routenpunkt (Way);Hammelstrift;49.8981907;8.6678053;30;Original OSM
Routenpunkt (Way);Hammelstrift;49.8982533;8.66788105;30;Interpoliert
Routenpunkt (Way);Hammelstrift;49.8983159;8.6679568;30;Original OSM
Routenpunkt (Way);Hammelstrift;49.8984085;8.6680911;30;Original OSM
Routenpunkt (Way);Hammelstrift;49.8984791;8.6681687;30;Original OSM
Routenpunkt (Way);Hammelstrift;49.8984946;8.6682046;30;Original OSM
Routenpunkt (Way);Hammelstrift;49.8985004;8.6682438;30;Original OSM
Routenpunkt (Way);Hammelstrift;49.8984988;8.6682869;30;Original OSM
Routenpunkt (Way);Hammelstrift;49.898495;8.6683223;30;Original OSM
Routenpunkt (Way);Roßdörfer Straße;49.9282948;8.7414782;100;Original OSM
Routenpunkt (Way);Roßdörfer Straße;49.9283277;8.74160025;100;Interpoliert
Routenpunkt (Way);Roßdörfer Straße;49.9283606;8.7417223;100;Original OSM
Routenpunkt (Way);Roßdörfer Straße;49.9284234;8.74181575;100;Interpoliert
Routenpunkt (Way);Roßdörfer Straße;49.9284862;8.7419092;100;Original OSM
Routenpunkt (Way);Roßdörfer Straße;49.9285474;8.74196375;100;Interpoliert
Routenpunkt (Way);Roßdörfer Straße;49.9286086;8.7420183;100;Original OSM
Routenpunkt (Way);Roßdörfer Straße;49.928702;8.742049399999999;100;Interpoliert
Routenpunkt (Way);Roßdörfer Straße;49.9287954;8.7420805;100;Original OSM
Routenpunkt (Way);Roßdörfer Straße;49.9289064;8.74210105;100;Interpoliert
Routenpunkt (Way);Roßdörfer Straße;49.9290174;8.7421216;100;Original OSM
Routenpunkt (Way);Roßdörfer Straße;49.929146;8.7421275;100;Interpoliert
Routenpunkt (Way);Roßdörfer Straße;49.9292746;8.7421334;100;Original OSM
Routenpunkt (Way);Roßdörfer Straße;49.929359649999995;8.7421319;100;Interpoliert
Routenpunkt (Way);Roßdörfer Straße;49.9294447;8.7421304;100;Original OSM
Routenpunkt (Way);Kohlweg;49.9368424;8.746032;30;Original OSM
Routenpunkt (Way);Kohlweg;49.93684055;8.74592175;30;Interpoliert
Routenpunkt (Way);Kohlweg;49.9368387;8.7458115;30;Original OSM
Routenpunkt (Way);Kohlweg;49.93683635;8.7456693;30;Interpoliert
Routenpunkt (Way);Kohlweg;49.936834;8.7455271;30;Original OSM
Routenpunkt (Way);Kohlweg;49.93683145;8.745343;30;Interpoliert
Routenpunkt (Way);Kohlweg;49.936828899999995;8.7451589;30;Interpoliert
Routenpunkt (Way);Kohlweg;49.93682635;8.7449748;30;Interpoliert
Routenpunkt (Way);Kohlweg;49.9368238;8.7447907;30;Original OSM
Routenpunkt (Way);Kohlweg;49.9368234;8.7447581;30;Original OSM
Routenpunkt (Way);Kohlweg;49.9368211;8.7445937;30;Original OSM
Routenpunkt (Way);Kohlweg;49.936818;8.7445073;30;Original OSM
Routenpunkt (Way);Kohlweg;49.9368116;8.744329;30;Interpoliert
Routenpunkt (Way);Kohlweg;49.9368052;8.7441507;30;Original OSM
Routenpunkt (Way);Kohlweg;49.9368034;8.7441021;30;Original OSM
Routenpunkt (Way);Kohlweg;49.9367974;8.7439322;30;Original OSM
Routenpunkt (Way);Kohlweg;49.9367955;8.7438771;30;Original OSM
Routenpunkt (Way);Kohlweg;49.9367901;8.7436828;30;Original OSM
Routenpunkt (Way);Kohlweg;49.93678665;8.74356505;30;Interpoliert
Routenpunkt (Way);Kohlweg;49.9367832;8.7434473;30;Original OSM
Routenpunkt (Way);Kohlweg;49.9367791;8.7433066;30;Original OSM
Routenpunkt (Way);Kohlweg;49.9367476;8.7431455;30;Original OSM
Routenpunkt (Way);Kranichsteiner Straße;49.9194902;8.7180244;70;Original OSM
Routenpunkt (Way);Kranichsteiner Straße;49.91959774285714;8.7181357;70;Interpoliert
Routenpunkt (Way);Kranichsteiner Straße;49.919705285714286;8.718247;70;Interpoliert
Routenpunkt (Way);Kranichsteiner Straße;49.91981282857143;8.7183583;70;Interpoliert
Routenpunkt (Way);Kranichsteiner Straße;49.91992037142857;8.718469599999999;70;Interpoliert
Routenpunkt (Way);Kranichsteiner Straße;49.92002791428571;8.7185809;70;Interpoliert
Routenpunkt (Way);Kranichsteiner Straße;49.920135457142855;8.7186922;70;Interpoliert
Routenpunkt (Way);Kranichsteiner Straße;49.920243;8.7188035;70;Interpoliert
Routenpunkt (Way);Kranichsteiner Straße;49.92035054285714;8.7189148;70;Interpoliert
Routenpunkt (Way);Kranichsteiner Straße;49.92045808571429;8.7190261;70;Interpoliert
Routenpunkt (Way);Kranichsteiner Straße;49.92056562857143;8.719137400000001;70;Interpoliert
Routenpunkt (Way);Kranichsteiner Straße;49.92067317142857;8.7192487;70;Interpoliert
Routenpunkt (Way);Kranichsteiner Straße;49.92078071428571;8.71936;70;Interpoliert
Routenpunkt (Way);Kranichsteiner Straße;49.920888257142856;8.7194713;70;Interpoliert
Routenpunkt (Way);Kranichsteiner Straße;49.9209958;8.7195826;70;Original OSM
Routenpunkt (Way);Kranichsteiner Straße;49.9209958;8.7195826;;Original OSM
Routenpunkt (Way);Kranichsteiner Straße;49.921071033333334;8.719660900000001;;Interpoliert
Routenpunkt (Way);Kranichsteiner Straße;49.92114626666667;8.7197392;;Interpoliert
Routenpunkt (Way);Kranichsteiner Straße;49.9212215;8.7198175;;Original OSM
Routenpunkt (Way);Berliner Straße;49.9379931;8.7459856;30;Original OSM
Routenpunkt (Way);Berliner Straße;49.93811734;8.745978679999999;30;Interpoliert
Routenpunkt (Way);Berliner Straße;49.938241579999996;8.74597176;30;Interpoliert
Routenpunkt (Way);Berliner Straße;49.93836582;8.74596484;30;Interpoliert
Routenpunkt (Way);Berliner Straße;49.93849006;8.74595792;30;Interpoliert
Routenpunkt (Way);Berliner Straße;49.9386143;8.745951;30;Original OSM
Routenpunkt (Way);Berliner Straße;49.938730299999996;8.7459787;30;Interpoliert
Routenpunkt (Way);Berliner Straße;49.9388463;8.746006399999999;30;Interpoliert
Routenpunkt (Way);Berliner Straße;49.9389623;8.7460341;30;Original OSM
Routenpunkt (Way);Jägertorstraße;49.8990838;8.6773789;50;Original OSM
Routenpunkt (Way);Jägertorstraße;49.8989907;8.6773615;50;Original OSM
Routenpunkt (Way);Jägertorstraße;49.898867100000004;8.6773582;50;Interpoliert
Routenpunkt (Way);Jägertorstraße;49.8987435;8.6773549;50;Original OSM
Routenpunkt (Way);Jägertorstraße;49.89861277;8.677349509999999;50;Interpoliert
Routenpunkt (Way);Jägertorstraße;49.898482040000005;8.677344119999999;50;Interpoliert
Routenpunkt (Way);Jägertorstraße;49.89835131;8.677338729999999;50;Interpoliert
Routenpunkt (Way);Jägertorstraße;49.89822058;8.677333339999999;50;Interpoliert
Routenpunkt (Way);Jägertorstraße;49.898089850000005;8.677327949999999;50;Interpoliert
Routenpunkt (Way);Jägertorstraße;49.89795912;8.67732256;50;Interpoliert
Routenpunkt (Way);Jägertorstraße;49.89782839;8.67731717;50;Interpoliert
Routenpunkt (Way);Jägertorstraße;49.89769766;8.67731178;50;Interpoliert
Routenpunkt (Way);Jägertorstraße;49.89756693;8.67730639;50;Interpoliert
Routenpunkt (Way);Jägertorstraße;49.8974362;8.677301;50;Original OSM
Routenpunkt (Way);Bartningstraße;49.8963089;8.681148;50;Original OSM
Routenpunkt (Way);Bartningstraße;49.8964012;8.6811396;50;Original OSM
Routenpunkt (Way);Kranichsteiner Straße;49.89586;8.6856115;;Original OSM
Routenpunkt (Way);Kranichsteiner Straße;49.895832975;8.685411525;;Interpoliert
Routenpunkt (Way);Kranichsteiner Straße;49.895805949999996;8.68521155;;Interpoliert
Routenpunkt (Way);Kranichsteiner Straße;49.895778925;8.685011575;;Interpoliert
Routenpunkt (Way);Kranichsteiner Straße;49.8957519;8.6848116;;Original OSM
Routenpunkt (Way);Kranichsteiner Straße;49.89572903571428;8.684608721428571;;Interpoliert
Routenpunkt (Way);Kranichsteiner Straße;49.89570617142857;8.684405842857142;;Interpoliert
Routenpunkt (Way);Kranichsteiner Straße;49.89568330714286;8.684202964285713;;Interpoliert
Routenpunkt (Way);Kranichsteiner Straße;49.89566044285714;8.684000085714286;;Interpoliert
Routenpunkt (Way);Kranichsteiner Straße;49.895637578571424;8.683797207142858;;Interpoliert
Routenpunkt (Way);Kranichsteiner Straße;49.89561471428571;8.683594328571429;;Interpoliert
Routenpunkt (Way);Kranichsteiner Straße;49.89559185;8.68339145;;Interpoliert
Routenpunkt (Way);Kranichsteiner Straße;49.895568985714284;8.683188571428571;;Interpoliert
Routenpunkt (Way);Kranichsteiner Straße;49.895546121428566;8.682985692857143;;Interpoliert
Routenpunkt (Way);Kranichsteiner Straße;49.895523257142855;8.682782814285714;;Interpoliert
Routenpunkt (Way);Kranichsteiner Straße;49.895500392857144;8.682579935714287;;Interpoliert
Routenpunkt (Way);Kranichsteiner Straße;49.895477528571426;8.682377057142858;;Interpoliert
Routenpunkt (Way);Kranichsteiner Straße;49.89545466428571;8.68217417857143;;Interpoliert
Routenpunkt (Way);Kranichsteiner Straße;49.8954318;8.6819713;;Original OSM
Routenpunkt (Way);Kranichsteiner Straße;49.89541323333333;8.6818238;;Interpoliert
Routenpunkt (Way);Kranichsteiner Straße;49.89539466666667;8.681676300000001;;Interpoliert
Routenpunkt (Way);Kranichsteiner Straße;49.8953761;8.6815288;;Original OSM
Routenpunkt (Way);Kranichsteiner Straße;49.8953704;8.6814916;;Original OSM
Routenpunkt (Way);Kranichsteiner Straße;49.89535755;8.68137715;;Interpoliert
Routenpunkt (Way);Kranichsteiner Straße;49.8953447;8.6812627;;Original OSM
Routenpunkt (Way);Roßdörfer Straße;49.9294447;8.7421304;30;Original OSM
Routenpunkt (Way);Roßdörfer Straße;49.9295536;8.74209815;30;Interpoliert
Routenpunkt (Way);Roßdörfer Straße;49.9296625;8.7420659;30;Original OSM
Routenpunkt (Way);Roßdörfer Straße;49.92977153333333;8.742007766666667;30;Interpoliert
Routenpunkt (Way);Roßdörfer Straße;49.92988056666667;8.741949633333332;30;Interpoliert
Routenpunkt (Way);Roßdörfer Straße;49.9299896;8.7418915;30;Original OSM
Routenpunkt (Way);Roßdörfer Straße;49.930099049999995;8.74181755;30;Interpoliert
Routenpunkt (Way);Roßdörfer Straße;49.9302085;8.7417436;30;Interpoliert
Routenpunkt (Way);Roßdörfer Straße;49.93031795;8.741669649999999;30;Interpoliert
Routenpunkt (Way);Roßdörfer Straße;49.9304274;8.7415957;30;Interpoliert
Routenpunkt (Way);Roßdörfer Straße;49.930536849999996;8.74152175;30;Interpoliert
Routenpunkt (Way);Roßdörfer Straße;49.9306463;8.7414478;30;Original OSM
Routenpunkt (Way);Kranichsteiner Straße;49.9212215;8.7198175;70;Original OSM
Routenpunkt (Way);Kranichsteiner Straße;49.9213318925;8.719930374999999;70;Interpoliert
Routenpunkt (Way);Kranichsteiner Straße;49.921442285;8.72004325;70;Interpoliert
Routenpunkt (Way);Kranichsteiner Straße;49.9215526775;8.720156124999999;70;Interpoliert
Routenpunkt (Way);Kranichsteiner Straße;49.92166307;8.720269;70;Interpoliert
Routenpunkt (Way);Kranichsteiner Straße;49.9217734625;8.720381875;70;Interpoliert
Routenpunkt (Way);Kranichsteiner Straße;49.921883855000004;8.72049475;70;Interpoliert
Routenpunkt (Way);Kranichsteiner Straße;49.9219942475;8.720607625;70;Interpoliert
Routenpunkt (Way);Kranichsteiner Straße;49.92210464;8.720720499999999;70;Interpoliert
Routenpunkt (Way);Kranichsteiner Straße;49.9222150325;8.720833375;70;Interpoliert
Routenpunkt (Way);Kranichsteiner Straße;49.922325425;8.720946249999999;70;Interpoliert
Routenpunkt (Way);Kranichsteiner Straße;49.9224358175;8.721059125;70;Interpoliert
Routenpunkt (Way);Kranichsteiner Straße;49.92254621;8.721172;70;Interpoliert
Routenpunkt (Way);Kranichsteiner Straße;49.9226566025;8.721284875;70;Interpoliert
Routenpunkt (Way);Kranichsteiner Straße;49.922766995;8.72139775;70;Interpoliert
Routenpunkt (Way);Kranichsteiner Straße;49.9228773875;8.721510624999999;70;Interpoliert
Routenpunkt (Way);Kranichsteiner Straße;49.92298778;8.7216235;70;Interpoliert
Routenpunkt (Way);Kranichsteiner Straße;49.9230981725;8.721736374999999;70;Interpoliert
Routenpunkt (Way);Kranichsteiner Straße;49.923208564999996;8.72184925;70;Interpoliert
Routenpunkt (Way);Kranichsteiner Straße;49.9233189575;8.721962125;70;Interpoliert
Routenpunkt (Way);Kranichsteiner Straße;49.92342935;8.722075;70;Interpoliert
Routenpunkt (Way);Kranichsteiner Straße;49.9235397425;8.722187875;70;Interpoliert
Routenpunkt (Way);Kranichsteiner Straße;49.923650135;8.722300749999999;70;Interpoliert
Routenpunkt (Way);Kranichsteiner Straße;49.9237605275;8.722413625;70;Interpoliert
Routenpunkt (Way);Kranichsteiner Straße;49.92387092;8.722526499999999;70;Interpoliert
Routenpunkt (Way);Kranichsteiner Straße;49.9239813125;8.722639375;70;Interpoliert
Routenpunkt (Way);Kranichsteiner Straße;49.924091704999995;8.72275225;70;Interpoliert
Routenpunkt (Way);Kranichsteiner Straße;49.9242020975;8.722865124999998;70;Interpoliert
Routenpunkt (Way);Kranichsteiner Straße;49.92431249;8.722978;70;Interpoliert
Routenpunkt (Way);Kranichsteiner Straße;49.9244228825;8.723090874999999;70;Interpoliert
Routenpunkt (Way);Kranichsteiner Straße;49.924533275;8.72320375;70;Interpoliert
Routenpunkt (Way);Kranichsteiner Straße;49.9246436675;8.723316624999999;70;Interpoliert
Routenpunkt (Way);Kranichsteiner Straße;49.92475406;8.7234295;70;Interpoliert
Routenpunkt (Way);Kranichsteiner Straße;49.924864452499996;8.723542375;70;Interpoliert
Routenpunkt (Way);Kranichsteiner Straße;49.924974844999994;8.723655249999998;70;Interpoliert
Routenpunkt (Way);Kranichsteiner Straße;49.9250852375;8.723768125;70;Interpoliert
Routenpunkt (Way);Kranichsteiner Straße;49.92519563;8.723880999999999;70;Interpoliert
Routenpunkt (Way);Kranichsteiner Straße;49.925306022499996;8.723993875;70;Interpoliert
Routenpunkt (Way);Kranichsteiner Straße;49.925416415;8.724106749999999;70;Interpoliert
Routenpunkt (Way);Kranichsteiner Straße;49.9255268075;8.724219625;70;Interpoliert
Routenpunkt (Way);Kranichsteiner Straße;49.9256372;8.7243325;70;Original OSM
Routenpunkt (Way);Kranichsteiner Straße;49.92574477241379;8.724446610344827;70;Interpoliert
Routenpunkt (Way);Kranichsteiner Straße;49.92585234482758;8.724560720689654;70;Interpoliert
Routenpunkt (Way);Kranichsteiner Straße;49.92595991724138;8.724674831034482;70;Interpoliert
Routenpunkt (Way);Kranichsteiner Straße;49.92606748965517;8.724788941379309;70;Interpoliert
Routenpunkt (Way);Kranichsteiner Straße;49.926175062068964;8.724903051724137;70;Interpoliert
Routenpunkt (Way);Kranichsteiner Straße;49.92628263448276;8.725017162068966;70;Interpoliert
Routenpunkt (Way);Kranichsteiner Straße;49.92639020689655;8.725131272413792;70;Interpoliert
Routenpunkt (Way);Kranichsteiner Straße;49.926497779310345;8.72524538275862;70;Interpoliert
Routenpunkt (Way);Kranichsteiner Straße;49.926605351724135;8.725359493103447;70;Interpoliert
Routenpunkt (Way);Kranichsteiner Straße;49.92671292413793;8.725473603448275;70;Interpoliert
Routenpunkt (Way);Kranichsteiner Straße;49.92682049655172;8.725587713793102;70;Interpoliert
Routenpunkt (Way);Kranichsteiner Straße;49.926928068965516;8.72570182413793;70;Interpoliert
Routenpunkt (Way);Kranichsteiner Straße;49.92703564137931;8.725815934482759;70;Interpoliert
Routenpunkt (Way);Kranichsteiner Straße;49.9271432137931;8.725930044827585;70;Interpoliert
Routenpunkt (Way);Kranichsteiner Straße;49.9272507862069;8.726044155172413;70;Interpoliert
Routenpunkt (Way);Kranichsteiner Straße;49.92735835862069;8.72615826551724;70;Interpoliert
Routenpunkt (Way);Kranichsteiner Straße;49.92746593103448;8.726272375862068;70;Interpoliert
Routenpunkt (Way);Kranichsteiner Straße;49.92757350344828;8.726386486206897;70;Interpoliert
Routenpunkt (Way);Kranichsteiner Straße;49.92768107586207;8.726500596551723;70;Interpoliert
Routenpunkt (Way);Kranichsteiner Straße;49.927788648275865;8.726614706896552;70;Interpoliert
Routenpunkt (Way);Kranichsteiner Straße;49.927896220689654;8.726728817241378;70;Interpoliert
Routenpunkt (Way);Kranichsteiner Straße;49.92800379310345;8.726842927586206;70;Interpoliert
Routenpunkt (Way);Kranichsteiner Straße;49.92811136551724;8.726957037931033;70;Interpoliert
Routenpunkt (Way);Kranichsteiner Straße;49.928218937931035;8.727071148275861;70;Interpoliert
Routenpunkt (Way);Kranichsteiner Straße;49.92832651034483;8.72718525862069;70;Interpoliert
Routenpunkt (Way);Kranichsteiner Straße;49.92843408275862;8.727299368965516;70;Interpoliert
Routenpunkt (Way);Kranichsteiner Straße;49.92854165517242;8.727413479310345;70;Interpoliert
Routenpunkt (Way);Kranichsteiner Straße;49.928649227586206;8.727527589655171;70;Interpoliert
Routenpunkt (Way);Kranichsteiner Straße;49.9287568;8.7276417;70;Original OSM
Routenpunkt (Way);Kranichsteiner Straße;49.92886924814815;8.727752488888889;70;Interpoliert
Routenpunkt (Way);Kranichsteiner Straße;49.9289816962963;8.727863277777777;70;Interpoliert
Routenpunkt (Way);Kranichsteiner Straße;49.92909414444445;8.727974066666667;70;Interpoliert
Routenpunkt (Way);Kranichsteiner Straße;49.92920659259259;8.728084855555554;70;Interpoliert
Routenpunkt (Way);Kranichsteiner Straße;49.929319040740744;8.728195644444444;70;Interpoliert
Routenpunkt (Way);Kranichsteiner Straße;49.92943148888889;8.728306433333334;70;Interpoliert
Routenpunkt (Way);Kranichsteiner Straße;49.92954393703704;8.728417222222221;70;Interpoliert
Routenpunkt (Way);Kranichsteiner Straße;49.92965638518518;8.728528011111111;70;Interpoliert
Routenpunkt (Way);Kranichsteiner Straße;49.929768833333334;8.728638799999999;70;Interpoliert
Routenpunkt (Way);Kranichsteiner Straße;49.929881281481485;8.728749588888888;70;Interpoliert
Routenpunkt (Way);Kranichsteiner Straße;49.92999372962963;8.728860377777778;70;Interpoliert
Routenpunkt (Way);Kranichsteiner Straße;49.93010617777778;8.728971166666666;70;Interpoliert
Routenpunkt (Way);Kranichsteiner Straße;49.930218625925924;8.729081955555555;70;Interpoliert
Routenpunkt (Way);Kranichsteiner Straße;49.930331074074076;8.729192744444443;70;Interpoliert
Routenpunkt (Way);Kranichsteiner Straße;49.93044352222222;8.729303533333333;70;Interpoliert
Routenpunkt (Way);Kranichsteiner Straße;49.93055597037037;8.72941432222222;70;Interpoliert
Routenpunkt (Way);Kranichsteiner Straße;49.930668418518515;8.72952511111111;70;Interpoliert
Routenpunkt (Way);Kranichsteiner Straße;49.930780866666666;8.7296359;70;Interpoliert
Routenpunkt (Way);Kranichsteiner Straße;49.93089331481482;8.729746688888888;70;Interpoliert
Routenpunkt (Way);Kranichsteiner Straße;49.93100576296296;8.729857477777777;70;Interpoliert
Routenpunkt (Way);Kranichsteiner Straße;49.93111821111111;8.729968266666665;70;Interpoliert
Routenpunkt (Way);Kranichsteiner Straße;49.931230659259256;8.730079055555555;70;Interpoliert
Routenpunkt (Way);Kranichsteiner Straße;49.93134310740741;8.730189844444444;70;Interpoliert
Routenpunkt (Way);Kranichsteiner Straße;49.93145555555555;8.730300633333332;70;Interpoliert
Routenpunkt (Way);Kranichsteiner Straße;49.9315680037037;8.730411422222222;70;Interpoliert
Routenpunkt (Way);Kranichsteiner Straße;49.93168045185185;8.73052221111111;70;Interpoliert
Routenpunkt (Way);Kranichsteiner Straße;49.9317929;8.730633;70;Original OSM
Routenpunkt (Way);Kranichsteiner Straße;49.931908058333335;8.730708616666666;70;Interpoliert
Routenpunkt (Way);Kranichsteiner Straße;49.932023216666664;8.730784233333333;70;Interpoliert
Routenpunkt (Way);Kranichsteiner Straße;49.932138375;8.73085985;70;Interpoliert
Routenpunkt (Way);Kranichsteiner Straße;49.93225353333333;8.730935466666667;70;Interpoliert
Routenpunkt (Way);Kranichsteiner Straße;49.93236869166667;8.731011083333334;70;Interpoliert
Routenpunkt (Way);Kranichsteiner Straße;49.93248385;8.731086699999999;70;Interpoliert
Routenpunkt (Way);Kranichsteiner Straße;49.932599008333334;8.731162316666666;70;Interpoliert
Routenpunkt (Way);Kranichsteiner Straße;49.93271416666667;8.731237933333333;70;Interpoliert
Routenpunkt (Way);Kranichsteiner Straße;49.932829325;8.73131355;70;Interpoliert
Routenpunkt (Way);Kranichsteiner Straße;49.93294448333334;8.731389166666666;70;Interpoliert
Routenpunkt (Way);Kranichsteiner Straße;49.93305964166667;8.731464783333333;70;Interpoliert
Routenpunkt (Way);Kranichsteiner Straße;49.9331748;8.7315404;70;Original OSM
Routenpunkt (Way);Kranichsteiner Straße;49.9332402;8.7315833;70;Interpoliert
Routenpunkt (Way);Kranichsteiner Straße;49.9333056;8.7316262;70;Original OSM
Routenpunkt (Way);Grillparzerstraße;49.9031524;8.6603878;30;Original OSM
Routenpunkt (Way);Grillparzerstraße;49.903152;8.6604849;30;Original OSM
Routenpunkt (Way);Grillparzerstraße;49.9031512;8.6606661;30;Original OSM
Routenpunkt (Way);Grillparzerstraße;49.90315056666667;8.660819366666667;30;Interpoliert
Routenpunkt (Way);Grillparzerstraße;49.90314993333334;8.660972633333333;30;Interpoliert
Routenpunkt (Way);Grillparzerstraße;49.9031493;8.6611259;30;Original OSM
Routenpunkt (Way);Grillparzerstraße;49.9031476;8.6612382;30;Original OSM
Routenpunkt (Way);Grillparzerstraße;49.9031458;8.6614219;30;Interpoliert
Routenpunkt (Way);Grillparzerstraße;49.903144;8.6616056;30;Original OSM
Routenpunkt (Way);Grillparzerstraße;49.90314253333333;8.6617558;30;Interpoliert
Routenpunkt (Way);Grillparzerstraße;49.90314106666667;8.661906;30;Interpoliert
Routenpunkt (Way);Grillparzerstraße;49.9031396;8.6620562;30;Original OSM
Routenpunkt (Way);Grillparzerstraße;49.903136950000004;8.6622559;30;Interpoliert
Routenpunkt (Way);Grillparzerstraße;49.9031343;8.6624556;30;Original OSM
Routenpunkt (Way);Grillparzerstraße;49.903133499999996;8.6625634;30;Interpoliert
Routenpunkt (Way);Grillparzerstraße;49.9031327;8.6626712;30;Original OSM
Routenpunkt (Way);Grillparzerstraße;49.903131200000004;8.66277955;30;Interpoliert
Routenpunkt (Way);Grillparzerstraße;49.9031297;8.6628879;30;Original OSM
Routenpunkt (Way);Grillparzerstraße;49.9031293;8.6629121;30;Original OSM
Routenpunkt (Way);Grillparzerstraße;49.9031277;8.6630353;30;Original OSM
Routenpunkt (Way);Frankfurter Landstraße;49.9002088;8.6549855;40;Original OSM
Routenpunkt (Way);Frankfurter Landstraße;49.9002776;8.6551159;40;Original OSM
Routenpunkt (Way);Berliner Straße;49.9368424;8.746032;30;Original OSM
Routenpunkt (Way);Berliner Straße;49.93697025555556;8.746026844444444;30;Interpoliert
Routenpunkt (Way);Berliner Straße;49.93709811111111;8.746021688888888;30;Interpoliert
Routenpunkt (Way);Berliner Straße;49.93722596666667;8.746016533333332;30;Interpoliert
Routenpunkt (Way);Berliner Straße;49.93735382222222;8.746011377777776;30;Interpoliert
Routenpunkt (Way);Berliner Straße;49.93748167777778;8.746006222222222;30;Interpoliert
Routenpunkt (Way);Berliner Straße;49.93760953333334;8.746001066666667;30;Interpoliert
Routenpunkt (Way);Berliner Straße;49.93773738888889;8.74599591111111;30;Interpoliert
Routenpunkt (Way);Berliner Straße;49.937865244444446;8.745990755555555;30;Interpoliert
Routenpunkt (Way);Berliner Straße;49.9379931;8.7459856;30;Original OSM
Routenpunkt (Way);Bartningstraße;49.8953447;8.6812627;50;Original OSM
Routenpunkt (Way);Bartningstraße;49.8954436;8.6812367;50;Original OSM
Routenpunkt (Way);Bartningstraße;49.8955526;8.6812212;50;Original OSM
Routenpunkt (Way);Bartningstraße;49.89564583333333;8.6812103;50;Interpoliert
Routenpunkt (Way);Bartningstraße;49.89573906666667;8.681199399999999;50;Interpoliert
Routenpunkt (Way);Bartningstraße;49.8958323;8.6811885;50;Original OSM
Routenpunkt (Way);Bartningstraße;49.8959374;8.681179633333333;50;Interpoliert
Routenpunkt (Way);Bartningstraße;49.8960425;8.681170766666666;50;Interpoliert
Routenpunkt (Way);Bartningstraße;49.8961476;8.6811619;50;Original OSM
Routenpunkt (Way);Bartningstraße;49.8962051;8.6811581;50;Original OSM
Routenpunkt (Way);Bartningstraße;49.8962554;8.6811502;50;Original OSM
Routenpunkt (Way);Bartningstraße;49.8963089;8.681148;50;Original OSM
Routenpunkt (Way);Jakob-Jung-Straße;49.9061246;8.6581427;30;Original OSM
Routenpunkt (Way);Jakob-Jung-Straße;49.906105724999996;8.65831095;30;Interpoliert
Routenpunkt (Way);Jakob-Jung-Straße;49.906086849999994;8.6584792;30;Interpoliert
Routenpunkt (Way);Jakob-Jung-Straße;49.906067975;8.65864745;30;Interpoliert
Routenpunkt (Way);Jakob-Jung-Straße;49.9060491;8.6588157;30;Original OSM
Routenpunkt (Way);Jakob-Jung-Straße;49.9060324;8.65900655;30;Interpoliert
Routenpunkt (Way);Jakob-Jung-Straße;49.9060157;8.6591974;30;Original OSM
Routenpunkt (Way);Jakob-Jung-Straße;49.90601135;8.6593623;30;Interpoliert
Routenpunkt (Way);Jakob-Jung-Straße;49.906007;8.6595272;30;Original OSM
Routenpunkt (Way);Jakob-Jung-Straße;49.90601025;8.6596653;30;Interpoliert
Routenpunkt (Way);Jakob-Jung-Straße;49.9060135;8.6598034;30;Original OSM
Routenpunkt (Way);Jakob-Jung-Straße;49.90602886;8.65999498;30;Interpoliert
Routenpunkt (Way);Jakob-Jung-Straße;49.90604422;8.66018656;30;Interpoliert
Routenpunkt (Way);Jakob-Jung-Straße;49.906059580000004;8.66037814;30;Interpoliert
Routenpunkt (Way);Jakob-Jung-Straße;49.90607494;8.66056972;30;Interpoliert
Routenpunkt (Way);Jakob-Jung-Straße;49.9060903;8.6607613;30;Original OSM
Routenpunkt (Way);Jakob-Jung-Straße;49.9061022;8.6609069;30;Original OSM
Routenpunkt (Way);Kranichsteiner Straße;49.9028617;8.7008458;70;Original OSM
Routenpunkt (Way);Kranichsteiner Straße;49.90296824166667;8.700954666666666;70;Interpoliert
Routenpunkt (Way);Kranichsteiner Straße;49.90307478333334;8.701063533333333;70;Interpoliert
Routenpunkt (Way);Kranichsteiner Straße;49.903181325000006;8.7011724;70;Interpoliert
Routenpunkt (Way);Kranichsteiner Straße;49.903287866666666;8.701281266666667;70;Interpoliert
Routenpunkt (Way);Kranichsteiner Straße;49.903394408333334;8.701390133333334;70;Interpoliert
Routenpunkt (Way);Kranichsteiner Straße;49.90350095;8.701499;70;Interpoliert
Routenpunkt (Way);Kranichsteiner Straße;49.90360749166667;8.701607866666667;70;Interpoliert
Routenpunkt (Way);Kranichsteiner Straße;49.90371403333334;8.701716733333333;70;Interpoliert
Routenpunkt (Way);Kranichsteiner Straße;49.903820575;8.7018256;70;Interpoliert
Routenpunkt (Way);Kranichsteiner Straße;49.903927116666665;8.701934466666668;70;Interpoliert
Routenpunkt (Way);Kranichsteiner Straße;49.90403365833333;8.702043333333334;70;Interpoliert
Routenpunkt (Way);Kranichsteiner Straße;49.9041402;8.7021522;70;Original OSM
Routenpunkt (Way);Kranichsteiner Straße;49.90424819166667;8.702264566666667;70;Interpoliert
Routenpunkt (Way);Kranichsteiner Straße;49.904356183333334;8.702376933333333;70;Interpoliert
Routenpunkt (Way);Kranichsteiner Straße;49.904464175;8.7024893;70;Interpoliert
Routenpunkt (Way);Kranichsteiner Straße;49.90457216666667;8.702601666666666;70;Interpoliert
Routenpunkt (Way);Kranichsteiner Straße;49.904680158333335;8.702714033333333;70;Interpoliert
Routenpunkt (Way);Kranichsteiner Straße;49.90478815;8.7028264;70;Interpoliert
Routenpunkt (Way);Kranichsteiner Straße;49.90489614166667;8.702938766666668;70;Interpoliert
Routenpunkt (Way);Kranichsteiner Straße;49.905004133333335;8.703051133333334;70;Interpoliert
Routenpunkt (Way);Kranichsteiner Straße;49.905112125;8.7031635;70;Interpoliert
Routenpunkt (Way);Kranichsteiner Straße;49.90522011666667;8.703275866666667;70;Interpoliert
Routenpunkt (Way);Kranichsteiner Straße;49.905328108333336;8.703388233333333;70;Interpoliert
Routenpunkt (Way);Kranichsteiner Straße;49.9054361;8.7035006;70;Original OSM
Routenpunkt (Way);Kranichsteiner Straße;49.905545842857144;8.703614408571429;70;Interpoliert
Routenpunkt (Way);Kranichsteiner Straße;49.905655585714285;8.703728217142856;70;Interpoliert
Routenpunkt (Way);Kranichsteiner Straße;49.905765328571434;8.703842025714286;70;Interpoliert
Routenpunkt (Way);Kranichsteiner Straße;49.905875071428575;8.703955834285715;70;Interpoliert
Routenpunkt (Way);Kranichsteiner Straße;49.905984814285716;8.704069642857142;70;Interpoliert
Routenpunkt (Way);Kranichsteiner Straße;49.90609455714286;8.704183451428571;70;Interpoliert
Routenpunkt (Way);Kranichsteiner Straße;49.9062043;8.70429726;70;Interpoliert
Routenpunkt (Way);Kranichsteiner Straße;49.90631404285715;8.704411068571428;70;Interpoliert
Routenpunkt (Way);Kranichsteiner Straße;49.90642378571429;8.704524877142857;70;Interpoliert
Routenpunkt (Way);Kranichsteiner Straße;49.90653352857143;8.704638685714286;70;Interpoliert
Routenpunkt (Way);Kranichsteiner Straße;49.90664327142857;8.704752494285714;70;Interpoliert
Routenpunkt (Way);Kranichsteiner Straße;49.90675301428571;8.704866302857143;70;Interpoliert
Routenpunkt (Way);Kranichsteiner Straße;49.90686275714286;8.704980111428572;70;Interpoliert
Routenpunkt (Way);Kranichsteiner Straße;49.9069725;8.70509392;70;Interpoliert
Routenpunkt (Way);Kranichsteiner Straße;49.90708224285714;8.705207728571429;70;Interpoliert
Routenpunkt (Way);Kranichsteiner Straße;49.907191985714284;8.705321537142858;70;Interpoliert
Routenpunkt (Way);Kranichsteiner Straße;49.907301728571426;8.705435345714285;70;Interpoliert
Routenpunkt (Way);Kranichsteiner Straße;49.907411471428574;8.705549154285714;70;Interpoliert
Routenpunkt (Way);Kranichsteiner Straße;49.907521214285715;8.705662962857142;70;Interpoliert
Routenpunkt (Way);Kranichsteiner Straße;49.90763095714286;8.705776771428571;70;Interpoliert
Routenpunkt (Way);Kranichsteiner Straße;49.9077407;8.70589058;70;Interpoliert
Routenpunkt (Way);Kranichsteiner Straße;49.90785044285714;8.706004388571428;70;Interpoliert
Routenpunkt (Way);Kranichsteiner Straße;49.90796018571429;8.706118197142857;70;Interpoliert
Routenpunkt (Way);Kranichsteiner Straße;49.90806992857143;8.706232005714286;70;Interpoliert
Routenpunkt (Way);Kranichsteiner Straße;49.90817967142857;8.706345814285713;70;Interpoliert
Routenpunkt (Way);Kranichsteiner Straße;49.90828941428571;8.706459622857142;70;Interpoliert
Routenpunkt (Way);Kranichsteiner Straße;49.90839915714285;8.706573431428572;70;Interpoliert
Routenpunkt (Way);Kranichsteiner Straße;49.9085089;8.706687239999999;70;Interpoliert
Routenpunkt (Way);Kranichsteiner Straße;49.90861864285714;8.706801048571428;70;Interpoliert
Routenpunkt (Way);Kranichsteiner Straße;49.908728385714284;8.706914857142857;70;Interpoliert
Routenpunkt (Way);Kranichsteiner Straße;49.908838128571425;8.707028665714285;70;Interpoliert
Routenpunkt (Way);Kranichsteiner Straße;49.908947871428566;8.707142474285714;70;Interpoliert
Routenpunkt (Way);Kranichsteiner Straße;49.909057614285715;8.707256282857143;70;Interpoliert
Routenpunkt (Way);Kranichsteiner Straße;49.909167357142856;8.70737009142857;70;Interpoliert
Routenpunkt (Way);Kranichsteiner Straße;49.9092771;8.7074839;70;Original OSM
Routenpunkt (Way);Kranichsteiner Straße;49.9093872375;8.707596862499999;70;Interpoliert
Routenpunkt (Way);Kranichsteiner Straße;49.909497375;8.707709825;70;Interpoliert
Routenpunkt (Way);Kranichsteiner Straße;49.909607512499996;8.7078227875;70;Interpoliert
Routenpunkt (Way);Kranichsteiner Straße;49.90971765;8.70793575;70;Interpoliert
Routenpunkt (Way);Kranichsteiner Straße;49.9098277875;8.7080487125;70;Interpoliert
Routenpunkt (Way);Kranichsteiner Straße;49.909937924999994;8.708161675;70;Interpoliert
Routenpunkt (Way);Kranichsteiner Straße;49.910048062499996;8.7082746375;70;Interpoliert
Routenpunkt (Way);Kranichsteiner Straße;49.9101582;8.7083876;70;Original OSM
Routenpunkt (Way);Kranichsteiner Straße;49.91026624;8.708498175;70;Interpoliert
Routenpunkt (Way);Kranichsteiner Straße;49.91037428;8.70860875;70;Interpoliert
Routenpunkt (Way);Kranichsteiner Straße;49.91048232;8.708719325;70;Interpoliert
Routenpunkt (Way);Kranichsteiner Straße;49.91059036;8.7088299;70;Interpoliert
Routenpunkt (Way);Kranichsteiner Straße;49.9106984;8.708940475;70;Interpoliert
Routenpunkt (Way);Kranichsteiner Straße;49.910806439999995;8.70905105;70;Interpoliert
Routenpunkt (Way);Kranichsteiner Straße;49.910914479999995;8.709161625;70;Interpoliert
Routenpunkt (Way);Kranichsteiner Straße;49.911022519999996;8.7092722;70;Interpoliert
Routenpunkt (Way);Kranichsteiner Straße;49.91113056;8.709382775;70;Interpoliert
Routenpunkt (Way);Kranichsteiner Straße;49.9112386;8.709493349999999;70;Interpoliert
Routenpunkt (Way);Kranichsteiner Straße;49.91134664;8.709603925;70;Interpoliert
Routenpunkt (Way);Kranichsteiner Straße;49.91145468;8.7097145;70;Interpoliert
Routenpunkt (Way);Kranichsteiner Straße;49.91156272;8.709825075;70;Interpoliert
Routenpunkt (Way);Kranichsteiner Straße;49.91167076;8.70993565;70;Interpoliert
Routenpunkt (Way);Kranichsteiner Straße;49.91177879999999;8.710046225;70;Interpoliert
Routenpunkt (Way);Kranichsteiner Straße;49.911886839999994;8.7101568;70;Interpoliert
Routenpunkt (Way);Kranichsteiner Straße;49.911994879999995;8.710267374999999;70;Interpoliert
Routenpunkt (Way);Kranichsteiner Straße;49.912102919999995;8.71037795;70;Interpoliert
Routenpunkt (Way);Kranichsteiner Straße;49.912210959999996;8.710488524999999;70;Interpoliert
Routenpunkt (Way);Kranichsteiner Straße;49.912319;8.7105991;70;Original OSM
Routenpunkt (Way);Kranichsteiner Straße;49.91242687647058;8.710711629411763;70;Interpoliert
Routenpunkt (Way);Kranichsteiner Straße;49.91253475294117;8.71082415882353;70;Interpoliert
Routenpunkt (Way);Kranichsteiner Straße;49.91264262941176;8.710936688235293;70;Interpoliert
Routenpunkt (Way);Kranichsteiner Straße;49.91275050588235;8.711049217647059;70;Interpoliert
Routenpunkt (Way);Kranichsteiner Straße;49.91285838235294;8.711161747058823;70;Interpoliert
Routenpunkt (Way);Kranichsteiner Straße;49.91296625882352;8.711274276470588;70;Interpoliert
Routenpunkt (Way);Kranichsteiner Straße;49.91307413529412;8.711386805882352;70;Interpoliert
Routenpunkt (Way);Kranichsteiner Straße;49.913182011764704;8.711499335294118;70;Interpoliert
Routenpunkt (Way);Kranichsteiner Straße;49.91328988823529;8.711611864705882;70;Interpoliert
Routenpunkt (Way);Kranichsteiner Straße;49.91339776470588;8.711724394117647;70;Interpoliert
Routenpunkt (Way);Kranichsteiner Straße;49.91350564117647;8.711836923529411;70;Interpoliert
Routenpunkt (Way);Kranichsteiner Straße;49.91361351764706;8.711949452941177;70;Interpoliert
Routenpunkt (Way);Kranichsteiner Straße;49.913721394117644;8.71206198235294;70;Interpoliert
Routenpunkt (Way);Kranichsteiner Straße;49.91382927058823;8.712174511764706;70;Interpoliert
Routenpunkt (Way);Kranichsteiner Straße;49.913937147058824;8.71228704117647;70;Interpoliert
Routenpunkt (Way);Kranichsteiner Straße;49.91404502352941;8.712399570588236;70;Interpoliert
Routenpunkt (Way);Kranichsteiner Straße;49.9141529;8.7125121;70;Original OSM
Routenpunkt (Way);Kranichsteiner Straße;49.91424774;8.71260978;70;Interpoliert
Routenpunkt (Way);Kranichsteiner Straße;49.914342579999996;8.712707459999999;70;Interpoliert
Routenpunkt (Way);Kranichsteiner Straße;49.91443742;8.71280514;70;Interpoliert
Routenpunkt (Way);Kranichsteiner Straße;49.914532259999994;8.71290282;70;Interpoliert
Routenpunkt (Way);Kranichsteiner Straße;49.9146271;8.7130005;70;Original OSM
Routenpunkt (Way);Kranichsteiner Straße;49.91473385;8.713109827777778;70;Interpoliert
Routenpunkt (Way);Kranichsteiner Straße;49.9148406;8.713219155555555;70;Interpoliert
Routenpunkt (Way);Kranichsteiner Straße;49.91494735;8.713328483333333;70;Interpoliert
Routenpunkt (Way);Kranichsteiner Straße;49.9150541;8.713437811111111;70;Interpoliert
Routenpunkt (Way);Kranichsteiner Straße;49.91516085;8.713547138888888;70;Interpoliert
Routenpunkt (Way);Kranichsteiner Straße;49.9152676;8.713656466666666;70;Interpoliert
Routenpunkt (Way);Kranichsteiner Straße;49.91537435;8.713765794444445;70;Interpoliert
Routenpunkt (Way);Kranichsteiner Straße;49.9154811;8.713875122222221;70;Interpoliert
Routenpunkt (Way);Kranichsteiner Straße;49.915587849999994;8.71398445;70;Interpoliert
Routenpunkt (Way);Kranichsteiner Straße;49.915694599999995;8.714093777777778;70;Interpoliert
Routenpunkt (Way);Kranichsteiner Straße;49.915801349999995;8.714203105555555;70;Interpoliert
Routenpunkt (Way);Kranichsteiner Straße;49.915908099999996;8.714312433333333;70;Interpoliert
Routenpunkt (Way);Kranichsteiner Straße;49.916014849999996;8.714421761111112;70;Interpoliert
Routenpunkt (Way);Kranichsteiner Straße;49.9161216;8.714531088888888;70;Interpoliert
Routenpunkt (Way);Kranichsteiner Straße;49.91622835;8.714640416666667;70;Interpoliert
Routenpunkt (Way);Kranichsteiner Straße;49.9163351;8.714749744444445;70;Interpoliert
Routenpunkt (Way);Kranichsteiner Straße;49.91644185;8.714859072222222;70;Interpoliert
Routenpunkt (Way);Kranichsteiner Straße;49.9165486;8.7149684;70;Original OSM
Routenpunkt (Way);Kranichsteiner Straße;49.916656546153845;8.715080930769231;70;Interpoliert
Routenpunkt (Way);Kranichsteiner Straße;49.91676449230769;8.715193461538462;70;Interpoliert
Routenpunkt (Way);Kranichsteiner Straße;49.91687243846154;8.715305992307693;70;Interpoliert
Routenpunkt (Way);Kranichsteiner Straße;49.916980384615385;8.715418523076924;70;Interpoliert
Routenpunkt (Way);Kranichsteiner Straße;49.91708833076923;8.715531053846155;70;Interpoliert
Routenpunkt (Way);Kranichsteiner Straße;49.91719627692308;8.715643584615385;70;Interpoliert
Routenpunkt (Way);Kranichsteiner Straße;49.91730422307692;8.715756115384615;70;Interpoliert
Routenpunkt (Way);Kranichsteiner Straße;49.917412169230765;8.715868646153845;70;Interpoliert
Routenpunkt (Way);Kranichsteiner Straße;49.91752011538461;8.715981176923076;70;Interpoliert
Routenpunkt (Way);Kranichsteiner Straße;49.91762806153846;8.716093707692307;70;Interpoliert
Routenpunkt (Way);Kranichsteiner Straße;49.917736007692305;8.716206238461538;70;Interpoliert
Routenpunkt (Way);Kranichsteiner Straße;49.91784395384615;8.716318769230769;70;Interpoliert
Routenpunkt (Way);Kranichsteiner Straße;49.9179519;8.7164313;70;Original OSM
Routenpunkt (Way);Kranichsteiner Straße;49.9179944;8.7164751;70;Original OSM
Routenpunkt (Way);Kranichsteiner Straße;49.91809802727273;8.716582681818181;70;Interpoliert
Routenpunkt (Way);Kranichsteiner Straße;49.918201654545456;8.716690263636364;70;Interpoliert
Routenpunkt (Way);Kranichsteiner Straße;49.91830528181818;8.716797845454545;70;Interpoliert
Routenpunkt (Way);Kranichsteiner Straße;49.91840890909091;8.716905427272728;70;Interpoliert
Routenpunkt (Way);Kranichsteiner Straße;49.918512536363636;8.717013009090909;70;Interpoliert
Routenpunkt (Way);Kranichsteiner Straße;49.918616163636365;8.717120590909092;70;Interpoliert
Routenpunkt (Way);Kranichsteiner Straße;49.918719790909094;8.717228172727273;70;Interpoliert
Routenpunkt (Way);Kranichsteiner Straße;49.91882341818182;8.717335754545456;70;Interpoliert
Routenpunkt (Way);Kranichsteiner Straße;49.918927045454545;8.717443336363637;70;Interpoliert
Routenpunkt (Way);Kranichsteiner Straße;49.919030672727274;8.71755091818182;70;Interpoliert
Routenpunkt (Way);Kranichsteiner Straße;49.9191343;8.7176585;70;Original OSM
Routenpunkt (Way);Kranichsteiner Straße;49.919223275;8.717749975;70;Interpoliert
Routenpunkt (Way);Kranichsteiner Straße;49.919312250000004;8.71784145;70;Interpoliert
Routenpunkt (Way);Kranichsteiner Straße;49.919401225;8.717932925;70;Interpoliert
Routenpunkt (Way);Kranichsteiner Straße;49.9194902;8.7180244;70;Original OSM
Routenpunkt (Way);Kranichsteiner Straße;49.8963331;8.689612;50;Original OSM
Routenpunkt (Way);Kranichsteiner Straße;49.89638385;8.689792650000001;50;Interpoliert
Routenpunkt (Way);Kranichsteiner Straße;49.8964346;8.6899733;50;Original OSM
Routenpunkt (Way);Kranichsteiner Straße;49.8965005;8.690152300000001;50;Interpoliert
Routenpunkt (Way);Kranichsteiner Straße;49.8965664;8.6903313;50;Original OSM
Routenpunkt (Way);Kranichsteiner Straße;49.89662246666666;8.690452633333333;50;Interpoliert
Routenpunkt (Way);Kranichsteiner Straße;49.896678533333336;8.690573966666667;50;Interpoliert
Routenpunkt (Way);Kranichsteiner Straße;49.8967346;8.6906953;50;Original OSM
Routenpunkt (Way);Kranichsteiner Straße;49.89679606666667;8.690807533333333;50;Interpoliert
Routenpunkt (Way);Kranichsteiner Straße;49.89685753333333;8.690919766666667;50;Interpoliert
Routenpunkt (Way);Kranichsteiner Straße;49.896919;8.691032;50;Original OSM
Routenpunkt (Way);Kranichsteiner Straße;49.897012;8.69117865;50;Interpoliert
Routenpunkt (Way);Kranichsteiner Straße;49.897104999999996;8.691325299999999;50;Interpoliert
Routenpunkt (Way);Kranichsteiner Straße;49.897198;8.69147195;50;Interpoliert
Routenpunkt (Way);Kranichsteiner Straße;49.897291;8.6916186;50;Interpoliert
Routenpunkt (Way);Kranichsteiner Straße;49.897384;8.69176525;50;Interpoliert
Routenpunkt (Way);Kranichsteiner Straße;49.897477;8.6919119;50;Original OSM
Routenpunkt (Way);Kranichsteiner Straße;49.897568675;8.692060374999999;50;Interpoliert
Routenpunkt (Way);Kranichsteiner Straße;49.89766035;8.69220885;50;Interpoliert
Routenpunkt (Way);Kranichsteiner Straße;49.897752025;8.692357325;50;Interpoliert
Routenpunkt (Way);Kranichsteiner Straße;49.8978437;8.6925058;50;Original OSM
Routenpunkt (Way);Kranichsteiner Straße;49.89793262;8.6926276;50;Interpoliert
Routenpunkt (Way);Kranichsteiner Straße;49.89802154;8.6927494;50;Interpoliert
Routenpunkt (Way);Kranichsteiner Straße;49.89811046;8.692871199999999;50;Interpoliert
Routenpunkt (Way);Kranichsteiner Straße;49.89819938;8.692993;50;Interpoliert
Routenpunkt (Way);Kranichsteiner Straße;49.8982883;8.6931148;50;Original OSM
Routenpunkt (Way);Kranichsteiner Straße;49.898362999999996;8.693205666666667;50;Interpoliert
Routenpunkt (Way);Kranichsteiner Straße;49.8984377;8.693296533333333;50;Interpoliert
Routenpunkt (Way);Kranichsteiner Straße;49.8985124;8.6933874;50;Original OSM
Routenpunkt (Way);Kranichsteiner Straße;49.8985877;8.6934694;50;Interpoliert
Routenpunkt (Way);Kranichsteiner Straße;49.898663;8.6935514;50;Interpoliert
Routenpunkt (Way);Kranichsteiner Straße;49.8987383;8.6936334;50;Original OSM
Routenpunkt (Way);Kranichsteiner Straße;49.898808349999996;8.693712399999999;50;Interpoliert
Routenpunkt (Way);Kranichsteiner Straße;49.8988784;8.6937914;50;Original OSM
Routenpunkt (Way);Kranichsteiner Straße;49.8989448;8.6938687;50;Original OSM
Routenpunkt (Way);Kranichsteiner Straße;49.8990308;8.6939641;50;Original OSM
Routenpunkt (Way);Kranichsteiner Straße;49.8991171;8.694068;50;Original OSM
Routenpunkt (Way);Kranichsteiner Straße;49.899204;8.6941749;50;Original OSM
Routenpunkt (Way);Kranichsteiner Straße;49.8992875;8.6942854;50;Original OSM
Routenpunkt (Way);Kranichsteiner Straße;49.8993748;8.69440836;50;Interpoliert
Routenpunkt (Way);Kranichsteiner Straße;49.8994621;8.69453132;50;Interpoliert
Routenpunkt (Way);Kranichsteiner Straße;49.8995494;8.69465428;50;Interpoliert
Routenpunkt (Way);Kranichsteiner Straße;49.8996367;8.694777239999999;50;Interpoliert
Routenpunkt (Way);Kranichsteiner Straße;49.899724;8.6949002;50;Original OSM
Routenpunkt (Way);Hammelstrift;49.8988242;8.6734221;30;Original OSM
Routenpunkt (Way);Hammelstrift;49.898832;8.6735705;30;Original OSM
Routenpunkt (Way);Hammelstrift;49.89884386666667;8.673714766666667;30;Interpoliert
Routenpunkt (Way);Hammelstrift;49.898855733333335;8.673859033333335;30;Interpoliert
Routenpunkt (Way);Hammelstrift;49.8988676;8.6740033;30;Original OSM
Routenpunkt (Way);Hammelstrift;49.89888096666667;8.674193466666667;30;Interpoliert
Routenpunkt (Way);Hammelstrift;49.89889433333334;8.674383633333333;30;Interpoliert
Routenpunkt (Way);Hammelstrift;49.8989077;8.6745738;30;Original OSM
Routenpunkt (Way);Hammelstrift;49.8989227;8.67476925;30;Interpoliert
Routenpunkt (Way);Hammelstrift;49.8989377;8.6749647;30;Original OSM
Routenpunkt (Way);Hammelstrift;49.8989489;8.6751244;30;Interpoliert
Routenpunkt (Way);Hammelstrift;49.8989601;8.675284099999999;30;Interpoliert
Routenpunkt (Way);Hammelstrift;49.8989713;8.6754438;30;Interpoliert
Routenpunkt (Way);Hammelstrift;49.8989825;8.6756035;30;Original OSM
Routenpunkt (Way);Hammelstrift;49.898995925;8.675803625;30;Interpoliert
Routenpunkt (Way);Hammelstrift;49.89900935;8.67600375;30;Interpoliert
Routenpunkt (Way);Hammelstrift;49.899022775;8.676203874999999;30;Interpoliert
Routenpunkt (Way);Hammelstrift;49.8990362;8.676404;30;Original OSM
Routenpunkt (Way);Hammelstrift;49.8990427;8.6765062;30;Original OSM
Routenpunkt (Way);Hammelstrift;49.899054625000005;8.676704525;30;Interpoliert
Routenpunkt (Way);Hammelstrift;49.89906655;8.676902850000001;30;Interpoliert
Routenpunkt (Way);Hammelstrift;49.899078474999996;8.677101175;30;Interpoliert
Routenpunkt (Way);Hammelstrift;49.8990904;8.6772995;30;Original OSM
Routenpunkt (Way);Hammelstrift;49.8990874;8.677338;30;Original OSM
Routenpunkt (Way);Hammelstrift;49.8990838;8.6773789;30;Original OSM
Routenpunkt (Way);Kesselhutweg;49.8958801;8.6854757;;Original OSM
Routenpunkt (Way);Kesselhutweg;49.89590535;8.6856548;;Interpoliert
Routenpunkt (Way);Kesselhutweg;49.8959306;8.6858339;;Original OSM
Routenpunkt (Way);Kesselhutweg;49.8959165;8.6858386;;Original OSM
Routenpunkt (Way);Kesselhutweg;49.89589125;8.68565955;;Interpoliert
Routenpunkt (Way);Kesselhutweg;49.895866;8.6854805;;Original OSM
Routenpunkt (Way);Kesselhutweg;49.8958801;8.6854757;;Original OSM
Routenpunkt (Way);Siemensstraße;49.8963548;8.6796047;30;Original OSM
Routenpunkt (Way);Siemensstraße;49.8963717;8.6794297;30;Original OSM
Routenpunkt (Way);Siemensstraße;49.896401;8.6792573;30;Original OSM
Routenpunkt (Way);Siemensstraße;49.8964488;8.6790673;30;Original OSM
Routenpunkt (Way);Siemensstraße;49.8964865;8.678927999999999;30;Interpoliert
Routenpunkt (Way);Siemensstraße;49.8965242;8.6787887;30;Original OSM
Routenpunkt (Way);Siemensstraße;49.896555;8.67867405;30;Interpoliert
Routenpunkt (Way);Siemensstraße;49.8965858;8.6785594;30;Original OSM
Routenpunkt (Way);Siemensstraße;49.8966063;8.6784506;30;Interpoliert
Routenpunkt (Way);Siemensstraße;49.8966268;8.6783418;30;Original OSM
Routenpunkt (Way);Siemensstraße;49.8966492;8.6781436;30;Original OSM
Routenpunkt (Way);Siemensstraße;49.8966572;8.6779364;30;Original OSM
Routenpunkt (Way);Siemensstraße;49.89665303333334;8.677769633333334;30;Interpoliert
Routenpunkt (Way);Siemensstraße;49.896648866666666;8.677602866666666;30;Interpoliert
Routenpunkt (Way);Siemensstraße;49.8966447;8.6774361;30;Original OSM
Routenpunkt (Way);Siemensstraße;49.8966407;8.677346;30;Original OSM
Routenpunkt (Way);Siemensstraße;49.896638;8.677276;30;Original OSM
Routenpunkt (Way);Frankfurter Landstraße;49.9021258;8.6555877;40;Original OSM
Routenpunkt (Way);Frankfurter Landstraße;49.902249850000004;8.65561616;40;Interpoliert
Routenpunkt (Way);Frankfurter Landstraße;49.9023739;8.65564462;40;Interpoliert
Routenpunkt (Way);Frankfurter Landstraße;49.90249795;8.65567308;40;Interpoliert
Routenpunkt (Way);Frankfurter Landstraße;49.902622;8.65570154;40;Interpoliert
Routenpunkt (Way);Frankfurter Landstraße;49.902746050000005;8.65573;40;Interpoliert
Routenpunkt (Way);Frankfurter Landstraße;49.9028701;8.65575846;40;Interpoliert
Routenpunkt (Way);Frankfurter Landstraße;49.90299415;8.65578692;40;Interpoliert
Routenpunkt (Way);Frankfurter Landstraße;49.9031182;8.65581538;40;Interpoliert
Routenpunkt (Way);Frankfurter Landstraße;49.903242250000005;8.655843840000001;40;Interpoliert
Routenpunkt (Way);Frankfurter Landstraße;49.9033663;8.6558723;40;Original OSM
Routenpunkt (Way);Frankfurter Landstraße;49.903475633333336;8.655897333333334;40;Interpoliert
Routenpunkt (Way);Frankfurter Landstraße;49.90358496666666;8.655922366666667;40;Interpoliert
Routenpunkt (Way);Frankfurter Landstraße;49.9036943;8.6559474;40;Original OSM
Routenpunkt (Way);Frankfurter Landstraße;49.903800649999994;8.655968900000001;40;Interpoliert
Routenpunkt (Way);Frankfurter Landstraße;49.903907;8.6559904;40;Original OSM
Routenpunkt (Way);Frankfurter Landstraße;49.904029525;8.6560163625;40;Interpoliert
Routenpunkt (Way);Frankfurter Landstraße;49.90415204999999;8.656042325;40;Interpoliert
Routenpunkt (Way);Frankfurter Landstraße;49.904274574999995;8.6560682875;40;Interpoliert
Routenpunkt (Way);Frankfurter Landstraße;49.9043971;8.656094249999999;40;Interpoliert
Routenpunkt (Way);Frankfurter Landstraße;49.904519625;8.6561202125;40;Interpoliert
Routenpunkt (Way);Frankfurter Landstraße;49.90464215;8.656146175;40;Interpoliert
Routenpunkt (Way);Frankfurter Landstraße;49.904764674999996;8.656172137499999;40;Interpoliert
Routenpunkt (Way);Frankfurter Landstraße;49.9048872;8.6561981;40;Original OSM
Routenpunkt (Way);Frankfurter Landstraße;49.9048896;8.6561977;40;Original OSM
Routenpunkt (Way);Frankfurter Landstraße;49.9049512;8.6561879;40;Original OSM
Routenpunkt (Way);Frankfurter Straße;49.8978956;8.6546054;50;Original OSM
Routenpunkt (Way);Frankfurter Straße;49.8979593;8.6546183;50;Original OSM
Routenpunkt (Way);Frankfurter Straße;49.898054;8.6546403;50;Original OSM
Routenpunkt (Way);Frankfurter Straße;49.8980864;8.6546477;50;Original OSM
Routenpunkt (Way);Frankfurter Straße;49.89821705714285;8.654673742857144;50;Interpoliert
Routenpunkt (Way);Frankfurter Straße;49.89834771428571;8.654699785714286;50;Interpoliert
Routenpunkt (Way);Frankfurter Straße;49.89847837142857;8.65472582857143;50;Interpoliert
Routenpunkt (Way);Frankfurter Straße;49.89860902857143;8.654751871428571;50;Interpoliert
Routenpunkt (Way);Frankfurter Straße;49.89873968571428;8.654777914285715;50;Interpoliert
Routenpunkt (Way);Frankfurter Straße;49.898870342857144;8.654803957142857;50;Interpoliert
Routenpunkt (Way);Frankfurter Straße;49.899001;8.65483;50;Original OSM
Routenpunkt (Way);Frankfurter Straße;49.89911146666667;8.6548426;50;Interpoliert
Routenpunkt (Way);Frankfurter Straße;49.89922193333333;8.6548552;50;Interpoliert
Routenpunkt (Way);Frankfurter Straße;49.8993324;8.6548678;50;Original OSM
Routenpunkt (Way);Frankfurter Straße;49.899409899999995;8.6548854;50;Interpoliert
Routenpunkt (Way);Frankfurter Straße;49.8994874;8.654903;50;Original OSM
Routenpunkt (Way);Frankfurter Straße;49.8995789;8.6549238;50;Original OSM
Routenpunkt (Way);Frankfurter Straße;49.899617;8.654933;50;Original OSM
Routenpunkt (Way);Frankfurter Straße;49.8997358;8.65496645;50;Interpoliert
Routenpunkt (Way);Frankfurter Straße;49.8998546;8.6549999;50;Original OSM
Routenpunkt (Way);Frankfurter Straße;49.89992785;8.655001500000001;50;Interpoliert
Routenpunkt (Way);Frankfurter Straße;49.9000011;8.6550031;50;Original OSM
Routenpunkt (Way);Maulbeerallee;49.8977429;8.6551958;30;Original OSM
Routenpunkt (Way);Maulbeerallee;49.8977796;8.655048;30;Original OSM
Routenpunkt (Way);Maulbeerallee;49.8978198;8.6549351;30;Original OSM
Routenpunkt (Way);Maulbeerallee;49.8978327;8.6548879;30;Original OSM
Routenpunkt (Way);Maulbeerallee;49.8978488;8.6548347;30;Original OSM
Routenpunkt (Way);Maulbeerallee;49.8978652;8.6547839;30;Original OSM
Routenpunkt (Way);Maulbeerallee;49.8978784;8.654742;30;Original OSM
Routenpunkt (Way);Maulbeerallee;49.8978956;8.6546054;30;Original OSM
Routenpunkt (Way);Maulbeerallee;49.8977375;8.6658053;30;Original OSM
Routenpunkt (Way);Maulbeerallee;49.8977175;8.6659952;30;Original OSM
Routenpunkt (Way);Maulbeerallee;49.89769545;8.6661167;30;Interpoliert
Routenpunkt (Way);Maulbeerallee;49.8976734;8.6662382;30;Original OSM
Routenpunkt (Way);Maulbeerallee;49.8976194;8.6664017;30;Original OSM
Routenpunkt (Way);Maulbeerallee;49.8975532;8.6665188;30;Original OSM
Routenpunkt (Way);Maulbeerallee;49.8975398;8.6665451;30;Original OSM
Routenpunkt (Way);Maulbeerallee;49.8975012;8.6666097;30;Original OSM
Routenpunkt (Way);Maulbeerallee;49.8974781;8.6666528;30;Original OSM
Routenpunkt (Way);Maulbeerallee;49.8974606;8.66669;30;Original OSM
Routenpunkt (Way);Maulbeerallee;49.8974537;8.6667038;30;Original OSM
Routenpunkt (Way);Maulbeerallee;49.8974455;8.6667381;30;Original OSM
Routenpunkt (Way);Frankfurter Straße;49.9000011;8.6550031;50;Original OSM
Routenpunkt (Way);Frankfurter Straße;49.9001177;8.6550211;50;Original OSM
Routenpunkt (Way);Frankfurter Straße;49.9002088;8.6549855;50;Original OSM
Routenpunkt (Way);Jägertorstraße;49.8974362;8.677301;50;Original OSM
Routenpunkt (Way);Jägertorstraße;49.8973878;8.6773003;50;Original OSM
Routenpunkt (Way);Jägertorstraße;49.89727845;8.6772956;50;Interpoliert
Routenpunkt (Way);Jägertorstraße;49.8971691;8.6772909;50;Original OSM
Routenpunkt (Way);Jägertorstraße;49.8970482;8.6772865;50;Original OSM
Routenpunkt (Way);Jägertorstraße;49.8969413;8.6772831;50;Original OSM
Routenpunkt (Way);Jägertorstraße;49.8968097;8.6772809;50;Original OSM
Routenpunkt (Way);Jägertorstraße;49.8967113;8.6772783;50;Original OSM
Routenpunkt (Way);Jägertorstraße;49.8966746;8.6772788;50;Original OSM
Routenpunkt (Way);Frankfurter Landstraße;49.9014348;8.6554592;40;Original OSM
Routenpunkt (Way);Frankfurter Landstraße;49.9015014;8.6554655;40;Original OSM
Routenpunkt (Way);Frankfurter Landstraße;49.901614;8.6554897;40;Original OSM
Routenpunkt (Way);Frankfurter Landstraße;49.90174195;8.6555142;40;Interpoliert
Routenpunkt (Way);Frankfurter Landstraße;49.9018699;8.655538700000001;40;Interpoliert
Routenpunkt (Way);Frankfurter Landstraße;49.90199785;8.6555632;40;Interpoliert
Routenpunkt (Way);Frankfurter Landstraße;49.9021258;8.6555877;40;Original OSM
Routenpunkt (Way);Frankfurter Landstraße;49.9002776;8.6551159;40;Original OSM
Routenpunkt (Way);Frankfurter Landstraße;49.9003498;8.6552007;40;Original OSM
Routenpunkt (Way);Frankfurter Landstraße;49.9004207;8.6552528;40;Original OSM
Routenpunkt (Way);Frankfurter Landstraße;49.9056359;8.6563388;40;Original OSM
Routenpunkt (Way);Frankfurter Landstraße;49.90574698;8.65636108;40;Interpoliert
Routenpunkt (Way);Frankfurter Landstraße;49.90585806;8.65638336;40;Interpoliert
Routenpunkt (Way);Frankfurter Landstraße;49.90596914;8.656405640000001;40;Interpoliert
Routenpunkt (Way);Frankfurter Landstraße;49.90608022;8.65642792;40;Interpoliert
Routenpunkt (Way);Frankfurter Landstraße;49.9061913;8.6564502;40;Original OSM
Routenpunkt (Way);Hammelstrift;49.898495;8.6683223;30;Original OSM
Routenpunkt (Way);Hammelstrift;49.8984895;8.6683875;30;Original OSM
Routenpunkt (Way);Hammelstrift;49.8984831;8.6684686;30;Original OSM
Routenpunkt (Way);Hammelstrift;49.8984831;8.6684686;30;Original OSM
Routenpunkt (Way);Hammelstrift;49.898469;8.6685885;30;Original OSM
Routenpunkt (Way);Hammelstrift;49.8984602;8.6687269;30;Original OSM
Routenpunkt (Way);Hammelstrift;49.89846075;8.66884545;30;Interpoliert
Routenpunkt (Way);Hammelstrift;49.8984613;8.668964;30;Original OSM
Routenpunkt (Way);Hammelstrift;49.8984684;8.6690953;30;Interpoliert
Routenpunkt (Way);Hammelstrift;49.8984755;8.6692266;30;Original OSM
Routenpunkt (Way);Hammelstrift;49.898498125;8.66940345;30;Interpoliert
Routenpunkt (Way);Hammelstrift;49.89852075;8.6695803;30;Interpoliert
Routenpunkt (Way);Hammelstrift;49.898543375;8.669757149999999;30;Interpoliert
Routenpunkt (Way);Hammelstrift;49.898566;8.669934;30;Original OSM
Routenpunkt (Way);Hammelstrift;49.898586525;8.67010225;30;Interpoliert
Routenpunkt (Way);Hammelstrift;49.89860705;8.6702705;30;Interpoliert
Routenpunkt (Way);Hammelstrift;49.898627575000006;8.67043875;30;Interpoliert
Routenpunkt (Way);Hammelstrift;49.8986481;8.670607;30;Original OSM
Routenpunkt (Way);Hammelstrift;49.8986506;8.670675;30;Original OSM
Routenpunkt (Way);Hammelstrift;49.8986531;8.6707395;30;Original OSM
Routenpunkt (Way);Siemensstraße;49.8964012;8.6811396;30;Original OSM
Routenpunkt (Way);Siemensstraße;49.8963995;8.6810497;30;Original OSM
Routenpunkt (Way);Siemensstraße;49.8963976;8.6809497;30;Original OSM
Routenpunkt (Way);Siemensstraße;49.8963938;8.680904;30;Original OSM
Routenpunkt (Way);Siemensstraße;49.896387374999996;8.680710825;30;Interpoliert
Routenpunkt (Way);Siemensstraße;49.896380949999994;8.680517649999999;30;Interpoliert
Routenpunkt (Way);Siemensstraße;49.896374525;8.680324474999999;30;Interpoliert
Routenpunkt (Way);Siemensstraße;49.8963681;8.6801313;30;Original OSM
Routenpunkt (Way);Siemensstraße;49.8963591;8.679924;30;Original OSM
Routenpunkt (Way);Siemensstraße;49.89635695;8.67976435;30;Interpoliert
Routenpunkt (Way);Siemensstraße;49.8963548;8.6796047;30;Original OSM
Routenpunkt (Way);Frankfurter Landstraße;49.9049512;8.6561879;40;Original OSM
Routenpunkt (Way);Frankfurter Landstraße;49.9050738;8.6562152;40;Interpoliert
Routenpunkt (Way);Frankfurter Landstraße;49.9051964;8.656242500000001;40;Interpoliert
Routenpunkt (Way);Frankfurter Landstraße;49.905319;8.6562698;40;Original OSM
Routenpunkt (Way);Frankfurter Landstraße;49.9054321;8.65629445;40;Interpoliert
Routenpunkt (Way);Frankfurter Landstraße;49.9055452;8.6563191;40;Original OSM
Routenpunkt (Way);Frankfurter Landstraße;49.9055721;8.6563249;40;Original OSM
Routenpunkt (Way);Frankfurter Landstraße;49.9056359;8.6563388;40;Original OSM
Routenpunkt (Way);Kranichsteiner Straße;49.8959403;8.6861816;;Original OSM
Routenpunkt (Way);Kranichsteiner Straße;49.895913533333335;8.685991566666667;;Interpoliert
Routenpunkt (Way);Kranichsteiner Straße;49.89588676666666;8.685801533333333;;Interpoliert
Routenpunkt (Way);Kranichsteiner Straße;49.89586;8.6856115;;Original OSM
Routenpunkt (Way);Frankfurter Landstraße;49.9004207;8.6552528;40;Original OSM
Routenpunkt (Way);Frankfurter Landstraße;49.9004699;8.6552718;40;Original OSM
Routenpunkt (Way);Frankfurter Landstraße;49.9005917;8.6552824;40;Original OSM
Routenpunkt (Way);Frankfurter Landstraße;49.9006595;8.655293700000001;40;Interpoliert
Routenpunkt (Way);Frankfurter Landstraße;49.9007273;8.655305;40;Original OSM
Routenpunkt (Way);Frankfurter Landstraße;49.900852549999996;8.655332775;40;Interpoliert
Routenpunkt (Way);Frankfurter Landstraße;49.9009778;8.655360550000001;40;Interpoliert
Routenpunkt (Way);Frankfurter Landstraße;49.90110305;8.655388325;40;Interpoliert
Routenpunkt (Way);Frankfurter Landstraße;49.9012283;8.6554161;40;Original OSM
Routenpunkt (Way);Frankfurter Landstraße;49.901323;8.6554361;40;Original OSM
Routenpunkt (Way);Frankfurter Landstraße;49.9014348;8.6554592;40;Original OSM
Routenpunkt (Way);Sudetenstraße;49.9348418;8.7430564;30;Original OSM
Routenpunkt (Way);Sudetenstraße;49.9349595875;8.7430457;30;Interpoliert
Routenpunkt (Way);Sudetenstraße;49.935077375;8.743035;30;Interpoliert
Routenpunkt (Way);Sudetenstraße;49.9351951625;8.7430243;30;Interpoliert
Routenpunkt (Way);Sudetenstraße;49.93531295;8.743013600000001;30;Interpoliert
Routenpunkt (Way);Sudetenstraße;49.9354307375;8.7430029;30;Interpoliert
Routenpunkt (Way);Sudetenstraße;49.935548525;8.7429922;30;Interpoliert
Routenpunkt (Way);Sudetenstraße;49.9356663125;8.7429815;30;Interpoliert
Routenpunkt (Way);Sudetenstraße;49.9357841;8.7429708;30;Original OSM
Routenpunkt (Way);Sudetenstraße;49.93588735;8.742990475;30;Interpoliert
Routenpunkt (Way);Sudetenstraße;49.9359906;8.74301015;30;Interpoliert
Routenpunkt (Way);Sudetenstraße;49.93609385;8.743029825;30;Interpoliert
Routenpunkt (Way);Sudetenstraße;49.9361971;8.7430495;30;Original OSM
Routenpunkt (Way);Sudetenstraße;49.9362965;8.743068449999999;30;Interpoliert
Routenpunkt (Way);Sudetenstraße;49.9363959;8.7430874;30;Original OSM
Routenpunkt (Way);Sudetenstraße;49.936513133333335;8.743106766666667;30;Interpoliert
Routenpunkt (Way);Sudetenstraße;49.93663036666666;8.743126133333334;30;Interpoliert
Routenpunkt (Way);Sudetenstraße;49.9367476;8.7431455;30;Original OSM
Routenpunkt (Way);Jakob-Jung-Straße;49.9061928;8.6565387;30;Original OSM
Routenpunkt (Way);Jakob-Jung-Straße;49.906186;8.65671225;30;Interpoliert
Routenpunkt (Way);Jakob-Jung-Straße;49.9061792;8.6568858;30;Original OSM
Routenpunkt (Way);Jakob-Jung-Straße;49.9061714;8.6570919;30;Original OSM
Routenpunkt (Way);Jakob-Jung-Straße;49.9061637;8.657294;30;Interpoliert
Routenpunkt (Way);Jakob-Jung-Straße;49.906156;8.6574961;30;Original OSM
Routenpunkt (Way);Jakob-Jung-Straße;49.90614815;8.65765775;30;Interpoliert
Routenpunkt (Way);Jakob-Jung-Straße;49.906140300000004;8.657819400000001;30;Interpoliert
Routenpunkt (Way);Jakob-Jung-Straße;49.90613245;8.65798105;30;Interpoliert
Routenpunkt (Way);Jakob-Jung-Straße;49.9061246;8.6581427;30;Original OSM
Routenpunkt (Way);Siemensstraße;49.8964023;8.6807405;;Original OSM
Routenpunkt (Way);Siemensstraße;49.896397725;8.68056275;;Interpoliert
Routenpunkt (Way);Siemensstraße;49.896393149999994;8.680385000000001;;Interpoliert
Routenpunkt (Way);Siemensstraße;49.896388574999996;8.68020725;;Interpoliert
Routenpunkt (Way);Siemensstraße;49.896384;8.6800295;;Original OSM
Routenpunkt (Way);Siemensstraße;49.8963925;8.680029;;Original OSM
Routenpunkt (Way);Siemensstraße;49.8964016;8.6800284;;Original OSM
Routenpunkt (Way);Siemensstraße;49.896406174999996;8.68020615;;Interpoliert
Routenpunkt (Way);Siemensstraße;49.89641075;8.680383899999999;;Interpoliert
Routenpunkt (Way);Siemensstraße;49.896415325;8.68056165;;Interpoliert
Routenpunkt (Way);Siemensstraße;49.8964199;8.6807394;;Original OSM
Routenpunkt (Way);Siemensstraße;49.8964112;8.68074;;Original OSM
Routenpunkt (Way);Siemensstraße;49.8964023;8.6807405;;Original OSM
Routenpunkt (Way);Stadtteilschule Arheilgen;49.9030898;8.663165;;Original OSM
Routenpunkt (Way);Stadtteilschule Arheilgen;49.9030808;8.6631647;;Original OSM
Routenpunkt (Way);Stadtteilschule Arheilgen;49.9030707;8.6631644;;Original OSM
Routenpunkt (Way);Stadtteilschule Arheilgen;49.9030713;8.6631186;;Original OSM
Routenpunkt (Way);Stadtteilschule Arheilgen;49.9030737;8.6629214;;Original OSM
Routenpunkt (Way);Stadtteilschule Arheilgen;49.9030846;8.6629217;;Original OSM
Routenpunkt (Way);Stadtteilschule Arheilgen;49.9030929;8.662922;;Original OSM
Routenpunkt (Way);Stadtteilschule Arheilgen;49.9030904;8.6631189;;Original OSM
Routenpunkt (Way);Stadtteilschule Arheilgen;49.9030898;8.663165;;Original OSM
Routenpunkt (Way);Jägertorstraße;49.8966746;8.6772788;50;Original OSM
Routenpunkt (Way);Jägertorstraße;49.896638;8.677276;50;Original OSM
Routenpunkt (Way);Hammelstrift;49.8986531;8.6707395;30;Original OSM
Routenpunkt (Way);Hammelstrift;49.8986647;8.6709368;30;Original OSM
Routenpunkt (Way);Hammelstrift;49.8986782;8.671131966666666;30;Interpoliert
Routenpunkt (Way);Hammelstrift;49.8986917;8.671327133333333;30;Interpoliert
Routenpunkt (Way);Hammelstrift;49.8987052;8.6715223;30;Original OSM
Routenpunkt (Way);Hammelstrift;49.898711000000006;8.67164045;30;Interpoliert
Routenpunkt (Way);Hammelstrift;49.8987168;8.6717586;30;Original OSM
Routenpunkt (Way);Hammelstrift;49.898730650000005;8.67194165;30;Interpoliert
Routenpunkt (Way);Hammelstrift;49.8987445;8.6721247;30;Original OSM
Routenpunkt (Way);Hammelstrift;49.89875846666666;8.672326533333333;30;Interpoliert
Routenpunkt (Way);Hammelstrift;49.898772433333335;8.672528366666667;30;Interpoliert
Routenpunkt (Way);Hammelstrift;49.8987864;8.6727302;30;Original OSM
Routenpunkt (Way);Hammelstrift;49.898796733333334;8.672911933333333;30;Interpoliert
Routenpunkt (Way);Hammelstrift;49.89880706666666;8.673093666666666;30;Interpoliert
Routenpunkt (Way);Hammelstrift;49.8988174;8.6732754;30;Original OSM
Routenpunkt (Way);Hammelstrift;49.8988242;8.6734221;30;Original OSM
Routenpunkt (Way);Kranichsteiner Straße;49.9002877;8.6958101;70;Original OSM
Routenpunkt (Way);Kranichsteiner Straße;49.90037502857143;8.695946699999999;70;Interpoliert
Routenpunkt (Way);Kranichsteiner Straße;49.90046235714286;8.6960833;70;Interpoliert
Routenpunkt (Way);Kranichsteiner Straße;49.90054968571429;8.6962199;70;Interpoliert
Routenpunkt (Way);Kranichsteiner Straße;49.900637014285714;8.6963565;70;Interpoliert
Routenpunkt (Way);Kranichsteiner Straße;49.900724342857146;8.6964931;70;Interpoliert
Routenpunkt (Way);Kranichsteiner Straße;49.90081167142857;8.6966297;70;Interpoliert
Routenpunkt (Way);Kranichsteiner Straße;49.900899;8.6967663;70;Original OSM
Routenpunkt (Way);Kranichsteiner Straße;49.900961333333335;8.696868666666667;70;Interpoliert
Routenpunkt (Way);Kranichsteiner Straße;49.90102366666667;8.696971033333334;70;Interpoliert
Routenpunkt (Way);Kranichsteiner Straße;49.901086;8.6970734;70;Original OSM
Routenpunkt (Way);Kranichsteiner Straße;49.9011303;8.6971543;70;Original OSM
Routenpunkt (Way);Kranichsteiner Straße;49.90118;8.6972451;70;Original OSM
Routenpunkt (Way);Kranichsteiner Straße;49.9012495;8.6973866;70;Original OSM
Routenpunkt (Way);Kranichsteiner Straße;49.9013078;8.697516;70;Original OSM
Routenpunkt (Way);Kranichsteiner Straße;49.9013571;8.6976247;70;Original OSM
Routenpunkt (Way);Kranichsteiner Straße;49.9014002;8.697734;70;Original OSM
Routenpunkt (Way);Kranichsteiner Straße;49.9014659;8.6979123;70;Original OSM
Routenpunkt (Way);Kranichsteiner Straße;49.90149805;8.69800575;70;Interpoliert
Routenpunkt (Way);Kranichsteiner Straße;49.9015302;8.6980992;70;Original OSM
Routenpunkt (Way);Kranichsteiner Straße;49.90156760000001;8.6982105;70;Interpoliert
Routenpunkt (Way);Kranichsteiner Straße;49.901605;8.6983218;70;Original OSM
Routenpunkt (Way);Kranichsteiner Straße;49.9016617;8.6984889;70;Original OSM
Routenpunkt (Way);Kranichsteiner Straße;49.9028617;8.7008458;70;Original OSM
Routenpunkt (Way);Kranichsteiner Straße;49.902781425;8.700725375;70;Interpoliert
Routenpunkt (Way);Kranichsteiner Straße;49.90270115;8.700604949999999;70;Interpoliert
Routenpunkt (Way);Kranichsteiner Straße;49.902620875000004;8.700484525;70;Interpoliert
Routenpunkt (Way);Kranichsteiner Straße;49.9025406;8.7003641;70;Original OSM
Routenpunkt (Way);Kranichsteiner Straße;49.9024758;8.700264533333334;70;Interpoliert
Routenpunkt (Way);Kranichsteiner Straße;49.902411;8.700164966666666;70;Interpoliert
Routenpunkt (Way);Kranichsteiner Straße;49.9023462;8.7000654;70;Original OSM
Routenpunkt (Way);Kranichsteiner Straße;49.90228815;8.6999628;70;Interpoliert
Routenpunkt (Way);Kranichsteiner Straße;49.9022301;8.6998602;70;Original OSM
Routenpunkt (Way);Kranichsteiner Straße;49.90217033333333;8.6997331;70;Interpoliert
Routenpunkt (Way);Kranichsteiner Straße;49.902110566666664;8.699606000000001;70;Interpoliert
Routenpunkt (Way);Kranichsteiner Straße;49.9020508;8.6994789;70;Original OSM
Routenpunkt (Way);Kranichsteiner Straße;49.90201175;8.6993826;70;Interpoliert
Routenpunkt (Way);Kranichsteiner Straße;49.9019727;8.6992863;70;Original OSM
Routenpunkt (Way);Kranichsteiner Straße;49.9019347;8.699189400000002;70;Interpoliert
Routenpunkt (Way);Kranichsteiner Straße;49.9018967;8.6990925;70;Original OSM
Routenpunkt (Way);Kranichsteiner Straße;49.901854150000005;8.69897515;70;Interpoliert
Routenpunkt (Way);Kranichsteiner Straße;49.9018116;8.6988578;70;Original OSM
Routenpunkt (Way);Kranichsteiner Straße;49.90176163333334;8.698734833333333;70;Interpoliert
Routenpunkt (Way);Kranichsteiner Straße;49.901711666666664;8.698611866666667;70;Interpoliert
Routenpunkt (Way);Kranichsteiner Straße;49.9016617;8.6984889;70;Original OSM
Routenpunkt (Way);Jakob-Jung-Straße;49.9061913;8.6564502;;Original OSM
Routenpunkt (Way);Jakob-Jung-Straße;49.9061918;8.6564778;;Original OSM
Routenpunkt (Way);Jakob-Jung-Straße;49.9061928;8.6565387;;Original OSM
Routenpunkt (Way);Kranichsteiner Straße;49.896073;8.687918;50;Original OSM
Routenpunkt (Way);Kranichsteiner Straße;49.89609595;8.688099666666666;50;Interpoliert
Routenpunkt (Way);Kranichsteiner Straße;49.8961189;8.688281333333332;50;Interpoliert
Routenpunkt (Way);Kranichsteiner Straße;49.89614185;8.688462999999999;50;Interpoliert
Routenpunkt (Way);Kranichsteiner Straße;49.8961648;8.688644666666667;50;Interpoliert
Routenpunkt (Way);Kranichsteiner Straße;49.896187749999996;8.688826333333333;50;Interpoliert
Routenpunkt (Way);Kranichsteiner Straße;49.8962107;8.689008;50;Original OSM
Routenpunkt (Way);Kranichsteiner Straße;49.8962413;8.689159;50;Interpoliert
Routenpunkt (Way);Kranichsteiner Straße;49.8962719;8.689309999999999;50;Interpoliert
Routenpunkt (Way);Kranichsteiner Straße;49.8963025;8.689461;50;Interpoliert
Routenpunkt (Way);Kranichsteiner Straße;49.8963331;8.689612;50;Original OSM
Routenpunkt (Way);Kranichsteiner Straße;49.899724;8.6949002;50;Original OSM
Routenpunkt (Way);Kranichsteiner Straße;49.8998079;8.6950334;50;Original OSM
Routenpunkt (Way);Kranichsteiner Straße;49.89987296666666;8.695136666666667;50;Interpoliert
Routenpunkt (Way);Kranichsteiner Straße;49.899938033333335;8.695239933333333;50;Interpoliert
Routenpunkt (Way);Kranichsteiner Straße;49.9000031;8.6953432;50;Original OSM
Routenpunkt (Way);Kranichsteiner Straße;49.9000031;8.6953432;50;Original OSM
Routenpunkt (Way);Kranichsteiner Straße;49.90007705;8.69546665;50;Interpoliert
Routenpunkt (Way);Kranichsteiner Straße;49.900151;8.6955901;50;Original OSM
Routenpunkt (Way);Kranichsteiner Straße;49.90021295;8.695689250000001;50;Interpoliert
Routenpunkt (Way);Kranichsteiner Straße;49.9002749;8.6957884;50;Original OSM
Routenpunkt (Way);Kranichsteiner Straße;49.9002877;8.6958101;50;Original OSM
