Typ;Type;Name;Latitude;Longitude;Tempolimit;Ankunft;Abfahrt;Block_ID;Betriebstage;Service_ID;Details;Altitude (m);Roadgrade (%);Surface;Highway_Type;OSM_Name
Routenpunkt (Way);A;Am Hauptbahnhof (Ampel);49.872047;8.631641;50;;;;;;Original OSM;134.2;-0.68;paving_stones;pedestrian;Am Hauptbahnhof
Haltestelle;W;Darmstadt Hauptbahnhof Ost;49.872047;8.631641;50;07:51:00;07:51:00;Kein Umlauf;Mo,Di,Mi,Do,Fr;446.0;Original GTFS (Snap-Distanz 37m) | Auf Route gesnappt (37m);133.83;-0.88;paving_stones;pedestrian;Am Hauptbahnhof
Routenpunkt (Way);T;Am Hauptbahnhof;49.871937;8.631698;50;;;;;;Original OSM;133.57;-0.93;paving_stones;pedestrian;Am Hauptbahnhof
Routenpunkt (Way);T;;49.87183;8.631782;50;;;;;;Interpoliert (15m);133.38;-1.16;asphalt;pedestrian;Am Hauptbahnhof
Routenpunkt (Way);T;Am Hauptbahnhof;49.871722;8.631865;50;;;;;;Original OSM;133.22;-1.34;paving_stones;pedestrian;Am Hauptbahnhof
Routenpunkt (Way);T;Am Hauptbahnhof;49.871638;8.631939;50;;;;;;Interpoliert;133.1;-1.13;paving_stones;pedestrian;Am Hauptbahnhof
Routenpunkt (Way);T;Am Hauptbahnhof;49.871554;8.632013;50;;;;;;Original OSM;133.0;-1.37;paving_stones;pedestrian;Am Hauptbahnhof
Routenpunkt (Way);T;Am Hauptbahnhof;49.871471;8.632083;50;;;;;;Interpoliert;132.9;-1.68;paving_stones;pedestrian;Am Hauptbahnhof
Routenpunkt (Way);T;;49.871384;8.632158;50;;;;;;Interpoliert (15m);132.6;-1.45;paving_stones;pedestrian;Am Hauptbahnhof
Routenpunkt (Way);T;Am Hauptbahnhof;49.871296;8.632234;50;;;;;;Original OSM;132.3;-0.84;paving_stones;pedestrian;Am Hauptbahnhof
Routenpunkt (Way);T;;49.871184;8.632328;50;;;;;;Interpoliert (15m);132.3;-0.17;paving_stones;pedestrian;Am Hauptbahnhof
Routenpunkt (Way);T;Am Hauptbahnhof;49.871073;8.632422;50;;;;;;Interpoliert;132.6;0.85;paving_stones;pedestrian;Am Hauptbahnhof
Routenpunkt (Way);T;Am Hauptbahnhof;49.870975;8.632506;50;;;;;;Interpoliert;132.9;1.86;paving_stones;pedestrian;Am Hauptbahnhof
Routenpunkt (Way);T;Am Hauptbahnhof;49.870876;8.63259;50;;;;;;Interpoliert;133.2;2.3;paving_stones;pedestrian;Am Hauptbahnhof
Routenpunkt (Way);T;Am Hauptbahnhof;49.870777;8.632674;50;;;;;;Interpoliert;133.5;2.31;paving_stones;pedestrian;Am Hauptbahnhof
Routenpunkt (Way);T;Am Hauptbahnhof;49.870668;8.632766;50;;;;;;Original OSM;133.8;2.27;paving_stones;pedestrian;Am Hauptbahnhof
Routenpunkt (Way);T;Am Hauptbahnhof;49.870561;8.632861;50;;;;;;Interpoliert;134.1;2.08;paving_stones;pedestrian;Am Hauptbahnhof
Routenpunkt (Way);T;;49.870452;8.632953;50;;;;;;Interpoliert (15m);134.4;1.97;asphalt;busway;Am Hauptbahnhof
Routenpunkt (Way);T;Am Hauptbahnhof;49.870344;8.633045;50;;;;;;Original OSM;134.6;1.35;asphalt;primary;Berliner Allee
Routenpunkt (Way);T;;49.870249;8.633066;50;;;;;;Interpoliert (15m);134.8;0.73;asphalt;primary;Berliner Allee
Routenpunkt (Way);A;Ampel;49.870153;8.633087;50;;;;;;Interpoliert (15m);134.7;0.11;asphalt;primary;Berliner Allee
Routenpunkt (Way);T;Berliner Allee;49.870057;8.633108;50.0;;;;;;Interpoliert;134.6;-0.33;asphalt;primary;Berliner Allee
Routenpunkt (Way);T;Berliner Allee;49.869961;8.633145;50.0;;;;;;Interpoliert;134.5;-0.89;asphalt;primary;Berliner Allee
Routenpunkt (Way);T;Berliner Allee;49.869843;8.633191;50.0;;;;;;Original OSM;134.4;-0.89;asphalt;primary;Berliner Allee
Routenpunkt (Way);T;;49.86975;8.633227;50.0;;;;;;Interpoliert (15m);134.3;-1.08;asphalt;primary;Berliner Allee
Routenpunkt (Way);T;;49.869657;8.633263;50.0;;;;;;Interpoliert (15m);134.2;-1.25;asphalt;primary;Berliner Allee
Routenpunkt (Way);T;Berliner Allee;49.869564;8.633299;50.0;;;;;;Original OSM;134.0;-1.27;asphalt;primary;Berliner Allee
Routenpunkt (Way);T;;49.869464;8.633338;50.0;;;;;;Interpoliert (15m);133.8;-1.22;asphalt;primary;Berliner Allee
Routenpunkt (Way);T;Berliner Allee;49.869363;8.633376;50.0;;;;;;Interpoliert;133.7;-1.18;asphalt;primary;Berliner Allee
Routenpunkt (Way);T;Berliner Allee;49.869238;8.633424;50.0;;;;;;Interpoliert;133.6;-0.94;asphalt;primary;Berliner Allee
Routenpunkt (Way);T;Berliner Allee;49.869113;8.633472;50.0;;;;;;Interpoliert;133.5;-0.75;asphalt;primary;Berliner Allee
Routenpunkt (Way);T;Berliner Allee;49.868988;8.63352;50.0;;;;;;Original OSM;133.4;-0.74;asphalt;primary;Berliner Allee
Routenpunkt (Way);T;Berliner Allee;49.86888;8.633561;50.0;;;;;;Interpoliert;133.3;-0.28;asphalt;primary;Berliner Allee
Routenpunkt (Way);T;Berliner Allee;49.868772;8.633602;50.0;;;;;;Interpoliert;133.2;0.18;asphalt;primary;Berliner Allee
Routenpunkt (Way);T;Berliner Allee;49.868663;8.633644;50.0;;;;;;Interpoliert;133.4;0.92;asphalt;primary;Berliner Allee
Routenpunkt (Way);T;Berliner Allee;49.868555;8.633685;50.0;;;;;;Original OSM;133.6;1.68;asphalt;primary;Berliner Allee
Routenpunkt (Way);T;Berliner Allee;49.868467;8.633721;50.0;;;;;;Interpoliert;133.9;2.31;asphalt;primary;Berliner Allee
Routenpunkt (Way);T;Berliner Allee;49.86838;8.633757;50.0;;;;;;Interpoliert;134.2;2.47;asphalt;primary;Berliner Allee
Routenpunkt (Way);T;;49.868267;8.633746;50.0;;;;;;Interpoliert (15m);134.5;1.99;asphalt;primary;Berliner Allee
Routenpunkt (Way);A;Ampel;49.868154;8.633735;50.0;;;;;;Interpoliert (15m);134.8;1.25;asphalt;primary;Haardtring
Routenpunkt (Way);T;Berliner Allee;49.86804;8.633724;50.0;;;;;;Original OSM;134.7;0.51;asphalt;primary;Haardtring
Routenpunkt (Way);T;;49.867937;8.63361;50.0;;;;;;Interpoliert (15m);134.6;0.32;asphalt;primary;Haardtring
Routenpunkt (Way);T;;49.867834;8.633497;50.0;;;;;;Interpoliert (15m);134.5;-0.34;asphalt;primary;Haardtring
Routenpunkt (Way);T;Haardtring;49.867731;8.633383;50.0;;;;;;Original OSM;134.7;-0.33;asphalt;primary;Haardtring
Routenpunkt (Way);T;Haardtring;49.867666;8.63327;50.0;;;;;;Interpoliert;134.6;-0.86;asphalt;primary;Haardtring
Routenpunkt (Way);T;Haardtring;49.867583;8.633119;50.0;;;;;;Original OSM;134.5;-1.39;asphalt;primary;Haardtring
Routenpunkt (Way);T;;49.867533;8.633022;50.0;;;;;;Interpoliert (15m);134.2;-2.1;asphalt;primary;Haardtring
Routenpunkt (Way);T;Haardtring;49.867484;8.632925;50.0;;;;;;Original OSM;133.9;-2.34;asphalt;primary;Haardtring
Routenpunkt (Way);T;Haardtring;49.867405;8.632772;50.0;;;;;;Interpoliert;133.6;-2.06;asphalt;primary;Haardtring
Routenpunkt (Way);T;Haardtring;49.867325;8.632618;50.0;;;;;;Interpoliert;133.3;-1.21;asphalt;primary;Haardtring
Routenpunkt (Way);T;Haardtring;49.867246;8.632465;50.0;;;;;;Original OSM;133.4;-0.71;asphalt;primary;Haardtring
Routenpunkt (Way);T;Haardtring;49.867182;8.632342;50.0;;;;;;Interpoliert;133.5;-0.84;asphalt;primary;Haardtring
Routenpunkt (Way);T;Haardtring;49.867117;8.632219;50.0;;;;;;Original OSM;133.4;-0.97;asphalt;primary;Haardtring
Routenpunkt (Way);T;Haardtring;49.867035;8.632064;50.0;;;;;;Interpoliert;133.0;-2.13;asphalt;primary;Haardtring
Routenpunkt (Way);T;Haardtring;49.866953;8.631909;50.0;;;;;;Interpoliert;132.6;-2.98;asphalt;primary;Haardtring
Routenpunkt (Way);T;;49.866887;8.631779;50.0;;;;;;Interpoliert (15m);132.0;-3.48;asphalt;primary;Haardtring
Routenpunkt (Way);T;;49.866821;8.631649;50.0;;;;;;Interpoliert (15m);131.6;-3.26;asphalt;primary;Haardtring
Routenpunkt (Way);A;Ampel;49.866756;8.631519;50.0;;;;;;Interpoliert (15m);131.2;-3.0;asphalt;primary;Haardtring
Routenpunkt (Way);T;Haardtring;49.86669;8.631389;50.0;;;;;;Original OSM;131.0;-2.29;asphalt;primary;Haardtring
Routenpunkt (Way);T;;49.86666;8.631208;50.0;;;;;;Interpoliert (15m);130.8;-1.91;asphalt;primary;Stirnweg
Routenpunkt (Way);T;;49.86663;8.631028;50.0;;;;;;Interpoliert (15m);130.6;-1.24;asphalt;primary;Stirnweg
Routenpunkt (Way);T;Stirnweg;49.8666;8.630847;50.0;;;;;;Interpoliert;130.4;-0.9;asphalt;primary;Stirnweg
Routenpunkt (Way);T;Stirnweg;49.866579;8.630678;50.0;;;;;;Original OSM;130.4;-0.78;asphalt;primary;Stirnweg
Routenpunkt (Way);T;Stirnweg;49.866565;8.630535;50.0;;;;;;Interpoliert;130.4;-0.3;asphalt;primary;Stirnweg
Routenpunkt (Way);T;;49.866595;8.63039;50.0;;;;;;Interpoliert (15m);130.3;0.18;asphalt;primary;Stirnweg
Routenpunkt (Way);T;;49.866625;8.630244;50.0;;;;;;Interpoliert (15m);130.4;0.34;asphalt;primary;Stirnweg
Routenpunkt (Way);T;Stirnweg;49.866654;8.630098;50.0;;;;;;Original OSM;130.5;0.18;asphalt;primary;Stirnweg
Routenpunkt (Way);T;;49.866755;8.630013;50.0;;;;;;Interpoliert (15m);130.6;0.21;asphalt;primary;Stirnweg
Routenpunkt (Way);T;;49.866856;8.629928;50.0;;;;;;Interpoliert (15m);130.5;-0.14;asphalt;primary;Am Kavalleriesand
Routenpunkt (Way);T;Am Kavalleriesand;49.866956;8.629843;50.0;;;;;;Interpoliert;130.4;-0.46;asphalt;primary;Am Kavalleriesand
Routenpunkt (Way);T;Am Kavalleriesand;49.867064;8.629801;50.0;;;;;;Original OSM;130.3;-0.76;asphalt;primary;Am Kavalleriesand
Routenpunkt (Way);T;Am Kavalleriesand;49.867185;8.629755;50.0;;;;;;Interpoliert;130.2;-0.77;asphalt;primary;Am Kavalleriesand
Routenpunkt (Way);T;Am Kavalleriesand;49.867306;8.62971;50.0;;;;;;Original OSM;130.1;-0.61;asphalt;primary;Am Kavalleriesand
Routenpunkt (Way);T;Am Kavalleriesand;49.867414;8.629673;50.0;;;;;;Original OSM;130.0;-0.45;asphalt;primary;Am Kavalleriesand
Routenpunkt (Way);T;;49.8674;8.629564;50.0;;;;;;Interpoliert (15m);130.0;-0.31;asphalt;unclassified;Mina-Rees-Straße
Routenpunkt (Way);T;Mina-Rees-Straße;49.867385;8.629454;30.0;;;;;;Original OSM;130.0;-0.16;asphalt;unclassified;Mina-Rees-Straße
Routenpunkt (Way);T;;49.867369;8.62934;30.0;;;;;;Interpoliert (15m);130.0;0.0;asphalt;unclassified;Mina-Rees-Straße
Routenpunkt (Way);T;Mina-Rees-Straße;49.867354;8.629225;30.0;;;;;;Interpoliert;130.0;0.0;asphalt;unclassified;Mina-Rees-Straße
Routenpunkt (Way);T;;49.867335;8.629083;30.0;;;;;;Interpoliert (15m);130.0;0.0;asphalt;unclassified;Mina-Rees-Straße
Routenpunkt (Way);T;;49.867315;8.628941;30.0;;;;;;Interpoliert (15m);130.0;0.0;asphalt;unclassified;Mina-Rees-Straße
Routenpunkt (Way);T;Mina-Rees-Straße;49.867296;8.628799;30.0;;;;;;Original OSM;130.0;0.0;asphalt;unclassified;Mina-Rees-Straße
Routenpunkt (Way);T;;49.86727;8.628605;30.0;;;;;;Interpoliert (15m);130.0;0.0;asphalt;unclassified;Mina-Rees-Straße
Routenpunkt (Way);T;;49.867243;8.628411;30.0;;;;;;Interpoliert (15m);130.0;0.32;asphalt;unclassified;Mina-Rees-Straße
Routenpunkt (Way);T;Mina-Rees-Straße;49.867217;8.628217;30.0;;;;;;Interpoliert;130.0;0.64;asphalt;unclassified;Mina-Rees-Straße
Routenpunkt (Way);T;;49.867194;8.628047;30.0;;;;;;Interpoliert (15m);130.2;0.94;asphalt;unclassified;Mina-Rees-Straße
Routenpunkt (Way);T;Mina-Rees-Straße;49.86717;8.627877;30.0;;;;;;Original OSM;130.4;1.24;asphalt;unclassified;Mina-Rees-Straße
Routenpunkt (Way);T;;49.867145;8.627695;30.0;;;;;;Interpoliert (15m);130.6;1.54;asphalt;unclassified;Mina-Rees-Straße
Routenpunkt (Way);T;Mina-Rees-Straße;49.86712;8.627513;30.0;;;;;;Interpoliert;130.8;1.52;asphalt;unclassified;Mina-Rees-Straße
Routenpunkt (Way);T;Mina-Rees-Straße;49.867095;8.62733;30.0;;;;;;Interpoliert;131.0;1.59;asphalt;unclassified;Mina-Rees-Straße
Routenpunkt (Way);T;Mina-Rees-Straße;49.86707;8.627147;30.0;;;;;;Original OSM;131.2;1.69;asphalt;unclassified;Mina-Rees-Straße
Routenpunkt (Way);T;Mina-Rees-Straße;49.867051;8.62701;30.0;;;;;;Interpoliert;131.4;1.66;asphalt;unclassified;Mina-Rees-Straße
Routenpunkt (Way);T;Mina-Rees-Straße;49.867031;8.626872;30.0;;;;;;Interpoliert;131.6;1.67;asphalt;unclassified;Mina-Rees-Straße
Routenpunkt (Way);T;Mina-Rees-Straße;49.867004;8.626672;30.0;;;;;;Original OSM;131.8;1.37;asphalt;unclassified;Mina-Rees-Straße
Routenpunkt (Way);T;Mina-Rees-Straße;49.867005;8.626488;30;;;;;;Original OSM;132.0;1.14;asphalt;unclassified;Mina-Rees-Straße
Haltestelle;W;Darmstadt Mina-Rees-Straße;49.867005;8.626488;30;07:55:00;07:55:00;Kein Umlauf;Mo,Di,Mi,Do,Fr;446.0;Original GTFS (Snap-Distanz 2m) | Auf Route gesnappt (2m);132.0;0.98;asphalt;unclassified;Mina-Rees-Straße
Routenpunkt (Way);T;Mina-Rees-Straße;49.866981;8.62633;30;;;;;;Original OSM;132.1;0.94;asphalt;unclassified;Mina-Rees-Straße
Routenpunkt (Way);T;;49.866953;8.626218;30;;;;;;Interpoliert (15m);132.2;0.12;asphalt;unclassified;Mina-Rees-Straße
Routenpunkt (Way);T;Mina-Rees-Straße;49.866925;8.626106;30.0;;;;;;Interpoliert;132.3;-0.39;asphalt;unclassified;Mina-Rees-Straße
Routenpunkt (Way);A;Ampel;49.866897;8.625948;30.0;;;;;;Interpoliert (15m);132.0;-1.22;asphalt;unclassified;Mina-Rees-Straße
Routenpunkt (Way);T;Mina-Rees-Straße;49.866868;8.625791;30.0;;;;;;Original OSM;131.7;-2.12;asphalt;unclassified;Mina-Rees-Straße
Routenpunkt (Way);T;;49.866787;8.625786;30.0;;;;;;Interpoliert (15m);131.4;-2.83;asphalt;primary;Deutsche-Telekom-Allee
Routenpunkt (Way);T;Deutsche-Telekom-Allee;49.866706;8.625782;50.0;;;;;;Interpoliert;131.1;-2.79;asphalt;primary;Deutsche-Telekom-Allee
Routenpunkt (Way);T;Deutsche-Telekom-Allee;49.866595;8.625819;50.0;;;;;;Interpoliert;130.8;-2.75;asphalt;primary;Deutsche-Telekom-Allee
Routenpunkt (Way);T;Deutsche-Telekom-Allee;49.866484;8.625857;50.0;;;;;;Interpoliert;130.5;-3.04;asphalt;primary;Deutsche-Telekom-Allee
Routenpunkt (Way);T;Deutsche-Telekom-Allee;49.866373;8.625894;50.0;;;;;;Interpoliert;130.2;-3.19;asphalt;primary;Deutsche-Telekom-Allee
Routenpunkt (Way);T;Deutsche-Telekom-Allee;49.866262;8.625932;50.0;;;;;;Original OSM;129.6;-3.77;asphalt;primary;Deutsche-Telekom-Allee
Routenpunkt (Way);T;Deutsche-Telekom-Allee;49.866132;8.625975;50.0;;;;;;Interpoliert;129.0;-3.64;asphalt;primary;Deutsche-Telekom-Allee
Routenpunkt (Way);T;;49.86603;8.625995;50.0;;;;;;Interpoliert (15m);128.4;-3.52;asphalt;primary;Deutsche-Telekom-Allee
Routenpunkt (Way);T;;49.865929;8.626016;50.0;;;;;;Interpoliert (15m);128.2;-2.96;asphalt;primary;Deutsche-Telekom-Allee
Routenpunkt (Way);T;Deutsche-Telekom-Allee;49.865828;8.626036;50.0;;;;;;Original OSM;128.0;-2.55;asphalt;primary;Deutsche-Telekom-Allee
Routenpunkt (Way);T;;49.865737;8.626053;50.0;;;;;;Interpoliert (15m);127.8;-1.89;asphalt;primary;Deutsche-Telekom-Allee
Routenpunkt (Way);T;;49.865647;8.626069;50.0;;;;;;Interpoliert (15m);127.6;-1.82;asphalt;primary;Deutsche-Telekom-Allee
Routenpunkt (Way);T;Deutsche-Telekom-Allee;49.865556;8.626086;50.0;;;;;;Interpoliert;127.4;-1.76;asphalt;primary;Deutsche-Telekom-Allee
Routenpunkt (Way);T;Deutsche-Telekom-Allee;49.865434;8.626128;50.0;;;;;;Interpoliert;127.2;-1.37;asphalt;primary;Deutsche-Telekom-Allee
Routenpunkt (Way);T;Deutsche-Telekom-Allee;49.865312;8.626169;50.0;;;;;;Interpoliert;127.0;-0.97;asphalt;primary;Deutsche-Telekom-Allee
Routenpunkt (Way);T;Deutsche-Telekom-Allee;49.86519;8.626211;50.0;;;;;;Interpoliert;127.0;-0.58;asphalt;primary;Deutsche-Telekom-Allee
Routenpunkt (Way);T;Deutsche-Telekom-Allee;49.865068;8.626253;50.0;;;;;;Original OSM;127.0;-0.29;asphalt;primary;Deutsche-Telekom-Allee
Routenpunkt (Way);T;Deutsche-Telekom-Allee;49.864937;8.626296;50.0;;;;;;Interpoliert;127.0;0.0;asphalt;primary;Deutsche-Telekom-Allee
Routenpunkt (Way);T;Deutsche-Telekom-Allee;49.864806;8.62634;50.0;;;;;;Interpoliert;127.0;0.0;asphalt;primary;Deutsche-Telekom-Allee
Routenpunkt (Way);T;Deutsche-Telekom-Allee;49.864675;8.626383;50.0;;;;;;Original OSM;127.0;-0.37;asphalt;primary;Deutsche-Telekom-Allee
Routenpunkt (Way);T;Deutsche-Telekom-Allee;49.86458;8.626415;50.0;;;;;;Interpoliert;127.0;-0.65;asphalt;primary;Deutsche-Telekom-Allee
Routenpunkt (Way);T;Deutsche-Telekom-Allee;49.864485;8.626447;50.0;;;;;;Interpoliert;126.8;-1.18;asphalt;primary;Deutsche-Telekom-Allee
Routenpunkt (Way);T;Deutsche-Telekom-Allee;49.86436;8.626488;50.0;;;;;;Original OSM;126.6;-1.71;asphalt;primary;Deutsche-Telekom-Allee
Routenpunkt (Way);T;;49.864293;8.62651;50.0;;;;;;Interpoliert (15m);126.4;-2.04;asphalt;primary;Deutsche-Telekom-Allee
Routenpunkt (Way);T;Deutsche-Telekom-Allee;49.864227;8.626532;50.0;;;;;;Interpoliert;126.2;-1.41;asphalt;primary;Deutsche-Telekom-Allee
Routenpunkt (Way);T;Deutsche-Telekom-Allee;49.86412;8.626568;50.0;;;;;;Original OSM;126.0;-0.87;asphalt;primary;Deutsche-Telekom-Allee
Routenpunkt (Way);T;;49.864051;8.626591;50.0;;;;;;Interpoliert (15m);126.1;-0.08;asphalt;primary;Deutsche-Telekom-Allee
Routenpunkt (Way);T;Deutsche-Telekom-Allee;49.863982;8.626614;50.0;;;;;;Original OSM;126.2;0.71;asphalt;primary;Deutsche-Telekom-Allee
Routenpunkt (Way);T;;49.863915;8.626636;50.0;;;;;;Interpoliert (15m);126.3;1.18;asphalt;primary;Deutsche-Telekom-Allee
Routenpunkt (Way);T;Deutsche-Telekom-Allee;49.863848;8.626658;50.0;;;;;;Interpoliert;126.4;1.37;asphalt;primary;Deutsche-Telekom-Allee
Routenpunkt (Way);T;Deutsche-Telekom-Allee;49.863728;8.626698;50.0;;;;;;Interpoliert;126.5;1.56;asphalt;primary;Deutsche-Telekom-Allee
Routenpunkt (Way);T;Deutsche-Telekom-Allee;49.863609;8.626737;50.0;;;;;;Interpoliert;126.8;1.74;asphalt;primary;Deutsche-Telekom-Allee
Routenpunkt (Way);T;Deutsche-Telekom-Allee;49.86349;8.626777;50.0;;;;;;Interpoliert;127.1;1.92;asphalt;primary;Deutsche-Telekom-Allee
Routenpunkt (Way);T;Deutsche-Telekom-Allee;49.863371;8.626817;50.0;;;;;;Interpoliert;127.4;2.21;asphalt;primary;Deutsche-Telekom-Allee
Routenpunkt (Way);T;Deutsche-Telekom-Allee;49.863251;8.626856;50.0;;;;;;Interpoliert;127.7;1.77;asphalt;primary;Deutsche-Telekom-Allee
Routenpunkt (Way);T;Deutsche-Telekom-Allee;49.863132;8.626896;50.0;;;;;;Interpoliert;128.0;1.33;asphalt;primary;Deutsche-Telekom-Allee
Routenpunkt (Way);T;;49.863059;8.62692;50.0;;;;;;Interpoliert (15m);128.0;0.73;asphalt;primary;Deutsche-Telekom-Allee
Routenpunkt (Way);T;Deutsche-Telekom-Allee;49.862986;8.626944;50.0;;;;;;Original OSM;128.0;0.13;asphalt;primary;Deutsche-Telekom-Allee
Routenpunkt (Way);T;;49.862872;8.626982;50.0;;;;;;Interpoliert (15m);127.9;-0.48;asphalt;primary;Deutsche-Telekom-Allee
Routenpunkt (Way);T;Deutsche-Telekom-Allee;49.862759;8.62702;50.0;;;;;;Original OSM;127.8;-0.65;asphalt;primary;Deutsche-Telekom-Allee
Routenpunkt (Way);T;Deutsche-Telekom-Allee;49.862657;8.627054;50.0;;;;;;Interpoliert;127.7;-0.81;asphalt;primary;Deutsche-Telekom-Allee
Routenpunkt (Way);T;Deutsche-Telekom-Allee;49.862554;8.627088;50.0;;;;;;Interpoliert;127.6;-0.82;asphalt;primary;Deutsche-Telekom-Allee
Routenpunkt (Way);A;Ampel;49.862446;8.62704;50.0;;;;;;Interpoliert (15m);127.5;-0.9;asphalt;primary;Deutsche-Telekom-Allee
Routenpunkt (Way);T;Deutsche-Telekom-Allee;49.862339;8.626992;50.0;;;;;;Original OSM;127.4;-0.96;asphalt;residential;Hilpertstraße
Routenpunkt (Way);T;;49.862312;8.626881;50.0;;;;;;Interpoliert (15m);127.3;-0.96;asphalt;residential;Hilpertstraße
Haltestelle;W;Darmstadt T-Online-Allee;49.862286;8.62677;50.0;07:57:00;07:57:00;Kein Umlauf;Mo,Di,Mi,Do,Fr;446.0;Original GTFS (Snap-Distanz 1m) | Auf Route gesnappt (1m);127.2;-0.97;asphalt;residential;Hilpertstraße
Routenpunkt (Way);T;;49.862262;8.62661;50.0;;;;;;Interpoliert (15m);127.1;-0.53;asphalt;residential;Hilpertstraße
Routenpunkt (Way);T;Hilpertstraße;49.862238;8.62645;50.0;;;;;;Original OSM;127.0;0.07;asphalt;residential;Hilpertstraße
Routenpunkt (Way);T;Hilpertstraße;49.862209;8.626254;50.0;;;;;;Original OSM;127.2;0.67;paving_stones;residential;Hilpertstraße
Routenpunkt (Way);T;Hilpertstraße;49.862187;8.626106;50.0;;;;;;Interpoliert;127.4;1.35;paving_stones;residential;Hilpertstraße
Routenpunkt (Way);T;Hilpertstraße;49.862165;8.625958;50.0;;;;;;Interpoliert;127.6;2.03;paving_stones;residential;Hilpertstraße
Routenpunkt (Way);T;;49.862149;8.625851;50.0;;;;;;Interpoliert (15m);127.8;2.09;paving_stones;residential;Hilpertstraße
Routenpunkt (Way);T;Hilpertstraße;49.862134;8.625743;50.0;;;;;;Original OSM;128.0;2.07;paving_stones;residential;Hilpertstraße
Routenpunkt (Way);T;;49.862111;8.625584;50.0;;;;;;Interpoliert (15m);128.2;2.04;paving_stones;residential;Hilpertstraße
Routenpunkt (Way);T;;49.862089;8.625425;50.0;;;;;;Interpoliert (15m);128.4;1.81;paving_stones;residential;Hilpertstraße
Routenpunkt (Way);T;Hilpertstraße;49.862067;8.625266;50.0;;;;;;Original OSM;128.6;1.58;paving_stones;residential;Hilpertstraße
Routenpunkt (Way);T;;49.862041;8.625068;50.0;;;;;;Interpoliert (15m);128.8;1.24;paving_stones;residential;Hilpertstraße
Routenpunkt (Way);T;Hilpertstraße;49.862015;8.624871;50.0;;;;;;Interpoliert;129.0;1.16;paving_stones;residential;Hilpertstraße
Routenpunkt (Way);T;;49.862001;8.624765;50.0;;;;;;Interpoliert (15m);129.0;1.04;paving_stones;residential;Hilpertstraße
Routenpunkt (Way);T;Hilpertstraße;49.861988;8.62466;50.0;;;;;;Original OSM;129.1;1.0;paving_stones;residential;Hilpertstraße
Routenpunkt (Way);T;;49.861974;8.624541;50.0;;;;;;Interpoliert (15m);129.2;0.87;paving_stones;residential;Hilpertstraße
Routenpunkt (Way);T;Hilpertstraße;49.86196;8.624422;50.0;;;;;;Original OSM;129.3;1.02;paving_stones;residential;Hilpertstraße
Routenpunkt (Way);T;Hilpertstraße;49.861938;8.624239;50.0;;;;;;Interpoliert;129.4;0.76;paving_stones;residential;Hilpertstraße
Routenpunkt (Way);T;Hilpertstraße;49.861916;8.624056;50.0;;;;;;Original OSM;129.5;0.53;paving_stones;residential;Hilpertstraße
Routenpunkt (Way);T;;49.861917;8.623901;50.0;;;;;;Interpoliert (15m);129.5;0.3;paving_stones;residential;Hilpertstraße
Routenpunkt (Way);T;Hilpertstraße;49.861917;8.623746;50.0;;;;;;Original OSM;129.5;0.15;paving_stones;residential;Hilpertstraße
Routenpunkt (Way);T;;49.861885;8.623605;50.0;;;;;;Interpoliert (15m);129.5;0.0;paving_stones;residential;Hilpertstraße
Haltestelle;W;Darmstadt Hilpertstraße;49.861852;8.623465;50.0;07:58:00;07:58:00;Kein Umlauf;Mo,Di,Mi,Do,Fr;446.0;Original GTFS (Snap-Distanz 5m) | Auf Route gesnappt (7m);129.5;-0.56;paving_stones;residential;Hilpertstraße
Routenpunkt (Way);T;Hilpertstraße;49.861836;8.623317;50.0;;;;;;Interpoliert;129.5;-0.96;paving_stones;residential;Hilpertstraße
Routenpunkt (Way);T;Hilpertstraße;49.86182;8.623169;50.0;;;;;;Interpoliert;129.2;-1.61;paving_stones;residential;Hilpertstraße
Routenpunkt (Way);T;Hilpertstraße;49.8618;8.622965;50.0;;;;;;Original OSM;128.9;-2.26;paving_stones;residential;Hilpertstraße
Routenpunkt (Way);T;;49.861792;8.622836;50.0;;;;;;Interpoliert (15m);128.6;-2.68;paving_stones;residential;Hilpertstraße
Routenpunkt (Way);T;Hilpertstraße;49.861784;8.622708;50.0;;;;;;Original OSM;128.3;-2.41;paving_stones;residential;Hilpertstraße
Routenpunkt (Way);T;;49.861656;8.622723;50.0;;;;;;Interpoliert (15m);128.0;-2.28;paving_stones;residential;Kleyerstraße
Routenpunkt (Way);T;Kleyerstraße;49.861529;8.622739;50.0;;;;;;Original OSM;127.8;-2.2;paving_stones;residential;Kleyerstraße
Routenpunkt (Way);T;;49.861403;8.622772;50.0;;;;;;Interpoliert (15m);127.6;-2.11;paving_stones;residential;Kleyerstraße
Routenpunkt (Way);T;Kleyerstraße;49.861277;8.622806;50.0;;;;;;Interpoliert;127.2;-2.25;paving_stones;residential;Kleyerstraße
Routenpunkt (Way);T;Kleyerstraße;49.861152;8.622847;50.0;;;;;;Interpoliert;126.8;-2.25;paving_stones;residential;Kleyerstraße
Routenpunkt (Way);T;Kleyerstraße;49.861027;8.622888;50.0;;;;;;Interpoliert;126.4;-2.25;paving_stones;residential;Kleyerstraße
Routenpunkt (Way);T;;49.860902;8.622929;50.0;;;;;;Interpoliert (15m);126.2;-1.99;paving_stones;residential;Kleyerstraße
Routenpunkt (Way);T;Kleyerstraße;49.860777;8.62297;50.0;;;;;;Original OSM;126.0;-1.72;paving_stones;residential;Kleyerstraße
Routenpunkt (Way);T;;49.860658;8.623009;50.0;;;;;;Interpoliert (15m);125.8;-1.44;paving_stones;residential;Kleyerstraße
Routenpunkt (Way);T;Kleyerstraße;49.86054;8.623048;50.0;;;;;;Original OSM;125.6;-1.53;paving_stones;residential;Kleyerstraße
Routenpunkt (Way);T;Kleyerstraße;49.860413;8.62304;50.0;;;;;;Interpoliert;125.4;-1.6;paving_stones;residential;Kleyerstraße
Routenpunkt (Way);T;Rosa-Parks-Straße;49.860316;8.623058;50;;;;;;Interpoliert;125.2;-1.3;paving_stones;residential;Kleyerstraße
Routenpunkt (Way);T;Rosa-Parks-Straße;49.860221;8.623111;50;;;;;;Original OSM;125.0;-1.01;paving_stones;residential;Kleyerstraße
Haltestelle;W;Darmstadt von Taxis;49.860215;8.623155;50.0;08:00:00;08:00:00;Kein Umlauf;Mo,Di,Mi,Do,Fr;446.0;Original GTFS (Snap-Distanz 3m) | Auf Route gesnappt (3m);125.0;-0.72;paving_stones;residential;Kleyerstraße
Routenpunkt (Way);T;Kleyerstraße;49.860203;8.623159;50.0;;;;;;Original OSM;125.0;-0.36;paving_stones;residential;Kleyerstraße
Routenpunkt (Way);T;Kleyerstraße;49.860093;8.623195;50.0;;;;;;Original OSM;125.0;0.0;paving_stones;residential;Kleyerstraße
Routenpunkt (Way);T;Kleyerstraße;49.859988;8.623229;50.0;;;;;;Interpoliert;125.0;0.0;paving_stones;residential;Kleyerstraße
Routenpunkt (Way);T;Kleyerstraße;49.859882;8.623264;50.0;;;;;;Interpoliert;125.0;0.0;paving_stones;residential;Kleyerstraße
Routenpunkt (Way);T;Kleyerstraße;49.859776;8.623299;50.0;;;;;;Interpoliert;125.0;-0.17;paving_stones;residential;Kleyerstraße
Routenpunkt (Way);T;Kleyerstraße;49.859671;8.623333;50.0;;;;;;Interpoliert;125.0;-0.32;paving_stones;residential;Kleyerstraße
Routenpunkt (Way);T;Kleyerstraße;49.859566;8.623368;50.0;;;;;;Original OSM;124.9;-0.48;paving_stones;residential;Kleyerstraße
Routenpunkt (Way);T;Kleyerstraße;49.859452;8.623405;50.0;;;;;;Interpoliert;124.8;-0.63;paving_stones;residential;Kleyerstraße
Routenpunkt (Way);T;Kleyerstraße;49.859339;8.623443;50.0;;;;;;Interpoliert;124.7;-0.7;paving_stones;residential;Kleyerstraße
Routenpunkt (Way);T;Kleyerstraße;49.859225;8.62348;50.0;;;;;;Interpoliert;124.6;-0.63;paving_stones;residential;Kleyerstraße
Routenpunkt (Way);T;Kleyerstraße;49.859112;8.623517;50.0;;;;;;Interpoliert;124.56;-0.59;paving_stones;residential;Kleyerstraße
Routenpunkt (Way);T;;49.859004;8.62353;50.0;;;;;;Interpoliert (15m);124.5;-0.57;paving_stones;residential;Kleyerstraße
Routenpunkt (Way);T;Kleyerstraße;49.858895;8.623542;50.0;;;;;;Original OSM;124.43;-0.52;paving_stones;residential;Kleyerstraße
Haltestelle;W;Darmstadt Kleyerstraße;49.858769;8.623554;50.0;08:01:00;08:01:00;Kein Umlauf;Mo,Di,Mi,Do,Fr;446.0;Original GTFS (Snap-Distanz 22m) | Auf Route gesnappt (22m);124.33;-0.58;paving_stones;residential;Kleyerstraße
